row,url
1,https://www.estate.am/en/en/2-rooms-apartment-sale-in-downtown-yerevan-d85425
2,https://www.estate.am/en/en/2-rooms-apartment-sale-in-downtown-yerevan-d103779
3,https://www.estate.am/en/en/4-rooms-apartment-sale-in-downtown-yerevan-d83074
4,https://www.estate.am/en/en/1-rooms-apartment-sale-in-malatia-sebastia-yerevan-d111354
5,https://www.estate.am/en/en/2-rooms-apartment-sale-in-arabkir-yerevan-d111343
6,https://www.estate.am/en/en/2-rooms-apartment-sale-in-arabkir-yerevan-d110125
7,https://www.estate.am/en/en/3-rooms-apartment-sale-in-arabkir-yerevan-d111317
8,https://www.estate.am/en/en/2-rooms-apartment-sale-in-arabkir-yerevan-d111318
9,https://www.estate.am/en/en/4-rooms-apartment-sale-in-downtown-yerevan-d111319
10,https://www.estate.am/en/en/3-rooms-apartment-sale-in-arabkir-yerevan-d103158
11,https://www.estate.am/en/en/3-rooms-apartment-sale-in-arabkir-yerevan-d85050
12,https://www.estate.am/en/en/4-rooms-apartment-sale-in-arabkir-yerevan-d110226
13,https://www.estate.am/en/en/2-rooms-apartment-sale-in-downtown-yerevan-d103039
14,https://www.estate.am/en/en/2-rooms-apartment-sale-in-malatia-sebastia-yerevan-d110175
15,https://www.estate.am/en/en/3-rooms-apartment-sale-in-downtown-yerevan-d110467
16,https://www.estate.am/en/en/2-rooms-apartment-sale-in-downtown-yerevan-d109699
17,https://www.estate.am/en/en/3-rooms-apartment-sale-in-arabkir-yerevan-d109639
18,https://www.estate.am/en/en/2-rooms-apartment-sale-in-downtown-yerevan-d110272
19,https://www.estate.am/en/en/3-rooms-apartment-sale-in-center-yerevan-d110278
20,https://www.estate.am/en/en/4-rooms-apartment-sale-in-center-yerevan-d104067
21,https://www.estate.am/en/en/8-rooms-apartment-sale-in-center-yerevan-d104068
22,https://www.estate.am/en/en/4-rooms-apartment-sale-in-downtown-yerevan-d104990
23,https://www.estate.am/en/en/4-rooms-apartment-sale-in-downtown-yerevan-d97999
24,https://www.estate.am/en/en/3-rooms-apartment-sale-in-downtown-yerevan-d102867
25,https://www.estate.am/en/en/1-rooms-apartment-sale-in-downtown-yerevan-d110295
26,https://www.estate.am/en/en/3-rooms-apartment-sale-in-ajapnyak-yerevan-d108789
27,https://www.estate.am/en/en/4-rooms-apartment-sale-in-erebouni-yerevan-d109877
28,https://www.estate.am/en/en/4-rooms-apartment-sale-in-arabkir-yerevan-d95713
29,https://www.estate.am/en/en/3-rooms-apartment-sale-in-nor-nork-yerevan-d110065
30,https://www.estate.am/en/en/3-rooms-apartment-sale-in-downtown-yerevan-d110548
31,https://www.estate.am/en/en/2-rooms-apartment-sale-in-downtown-yerevan-d102918
32,https://www.estate.am/en/en/4-rooms-apartment-sale-in-downtown-yerevan-d103049
33,https://www.estate.am/en/en/2-rooms-apartment-sale-in-downtown-yerevan-d98281
34,https://www.estate.am/en/en/1-rooms-apartment-sale-in-downtown-yerevan-d97606
35,https://www.estate.am/en/en/3-rooms-apartment-sale-in-center-yerevan-d101878
36,https://www.estate.am/en/en/2-rooms-apartment-sale-in-downtown-yerevan-d107492
37,https://www.estate.am/en/en/5-rooms-apartment-sale-in-downtown-yerevan-d110542
38,https://www.estate.am/en/en/3-rooms-apartment-sale-in-downtown-yerevan-d111324
39,https://www.estate.am/en/en/3-rooms-apartment-sale-in-nor-nork-yerevan-d111328
40,https://www.estate.am/en/en/2-rooms-apartment-sale-in-davtashen-yerevan-d111329
41,https://www.estate.am/en/en/2-rooms-apartment-sale-in-center-yerevan-d111330
42,https://www.estate.am/en/en/3-rooms-apartment-sale-in-downtown-yerevan-d111335
43,https://www.estate.am/en/en/5-rooms-apartment-sale-in-arabkir-yerevan-d111336
44,https://www.estate.am/en/en/3-rooms-apartment-sale-in-downtown-yerevan-d111337
45,https://www.estate.am/en/en/3-rooms-apartment-sale-in-arabkir-yerevan-d111339
46,https://www.estate.am/en/en/3-rooms-apartment-sale-in-downtown-yerevan-d111347
47,https://www.estate.am/en/en/5-rooms-apartment-sale-in-arabkir-yerevan-d103666
48,https://www.estate.am/en/en/3-rooms-apartment-sale-in-arabkir-yerevan-d110437
49,https://www.estate.am/en/en/2-rooms-apartment-sale-in-downtown-yerevan-d104120
50,https://www.estate.am/en/en/2-rooms-apartment-sale-in-center-yerevan-d93999
51,https://www.estate.am/en/en/3-rooms-apartment-sale-in-downtown-yerevan-d78774
52,https://www.estate.am/en/en/3-rooms-apartment-sale-in-downtown-yerevan-d107306
53,https://www.estate.am/en/en/4-rooms-apartment-sale-in-downtown-yerevan-d109151
54,https://www.estate.am/en/en/4-rooms-apartment-sale-in-arabkir-yerevan-d110401
55,https://www.estate.am/en/en/4-rooms-apartment-sale-in-nor-nork-yerevan-d110642
56,https://www.estate.am/en/en/6-rooms-apartment-sale-in-downtown-yerevan-d105835
57,https://www.estate.am/en/en/4-rooms-apartment-sale-in-downtown-yerevan-d105836
58,https://www.estate.am/en/en/3-rooms-apartment-sale-in-shengavit-yerevan-d107124
59,https://www.estate.am/en/en/4-rooms-apartment-sale-in-arabkir-yerevan-d82134
60,https://www.estate.am/en/en/3-rooms-apartment-sale-in-downtown-yerevan-d104564
61,https://www.estate.am/en/en/4-rooms-apartment-sale-in-center-yerevan-d107532
62,https://www.estate.am/en/en/3-rooms-apartment-sale-in-downtown-yerevan-d109665
63,https://www.estate.am/en/en/4-rooms-apartment-sale-in-downtown-yerevan-d110171
64,https://www.estate.am/en/en/3-rooms-apartment-sale-in-arabkir-yerevan-d103142
65,https://www.estate.am/en/en/3-rooms-apartment-sale-in-arabkir-yerevan-d81978
66,https://www.estate.am/en/en/3-rooms-apartment-sale-in-arabkir-yerevan-d81099
67,https://www.estate.am/en/en/3-rooms-apartment-sale-in-arabkir-yerevan-d93251
68,https://www.estate.am/en/en/3-rooms-apartment-sale-in-arabkir-yerevan-d100113
69,https://www.estate.am/en/en/3-rooms-apartment-sale-in-kanaker-zeytun-yerevan-d110900
70,https://www.estate.am/en/en/3-rooms-apartment-sale-in-arabkir-yerevan-d106683
71,https://www.estate.am/en/en/4-rooms-apartment-sale-in-downtown-yerevan-d64408
72,https://www.estate.am/en/en/2-rooms-apartment-sale-in-downtown-yerevan-d109621
73,https://www.estate.am/en/en/2-rooms-apartment-sale-in-downtown-yerevan-d98897
74,https://www.estate.am/en/en/2-rooms-apartment-sale-in-arabkir-yerevan-d109406
75,https://www.estate.am/en/en/3-rooms-apartment-sale-in-nor-nork-yerevan-d109741
76,https://www.estate.am/en/en/3-rooms-apartment-sale-in-erebouni-yerevan-d102768
77,https://www.estate.am/en/en/3-rooms-apartment-sale-in-ajapnyak-yerevan-d109718
78,https://www.estate.am/en/en/3-rooms-apartment-sale-in-downtown-yerevan-d107087
79,https://www.estate.am/en/en/3-rooms-apartment-sale-in-arabkir-yerevan-d110237
80,https://www.estate.am/en/en/3-rooms-apartment-sale-in-downtown-yerevan-d99452
81,https://www.estate.am/en/en/3-rooms-apartment-sale-in-downtown-yerevan-d106660
82,https://www.estate.am/en/en/1-rooms-apartment-sale-in-malatia-sebastia-yerevan-d108792
83,https://www.estate.am/en/en/2-rooms-apartment-sale-in-erebouni-yerevan-d109439
84,https://www.estate.am/en/en/3-rooms-apartment-sale-in-downtown-yerevan-d110099
85,https://www.estate.am/en/en/3-rooms-apartment-sale-in-downtown-yerevan-d110588
86,https://www.estate.am/en/en/2-rooms-apartment-sale-in-shengavit-yerevan-d109505
87,https://www.estate.am/en/en/2-rooms-apartment-sale-in-ajapnyak-yerevan-d106921
88,https://www.estate.am/en/en/5-rooms-apartment-sale-in-downtown-yerevan-d89293
89,https://www.estate.am/en/en/6-rooms-apartment-sale-in-nor-nork-yerevan-d105437
90,https://www.estate.am/en/en/2-rooms-apartment-sale-in-kanaker-zeytun-yerevan-d106525
91,https://www.estate.am/en/en/3-rooms-apartment-sale-in-davtashen-yerevan-d107603
92,https://www.estate.am/en/en/3-rooms-apartment-sale-in-downtown-yerevan-d109642
93,https://www.estate.am/en/en/4-rooms-apartment-sale-in-arabkir-yerevan-d103247
94,https://www.estate.am/en/en/3-rooms-apartment-sale-in-erebouni-yerevan-d105784
95,https://www.estate.am/en/en/2-rooms-apartment-sale-in-erebouni-yerevan-d109859
96,https://www.estate.am/en/en/4-rooms-apartment-sale-in-erebouni-yerevan-d109876
97,https://www.estate.am/en/en/4-rooms-apartment-sale-in-downtown-yerevan-d110500
98,https://www.estate.am/en/en/4-rooms-apartment-sale-in-downtown-yerevan-d107451
99,https://www.estate.am/en/en/3-rooms-apartment-sale-in-ajapnyak-yerevan-d108949
100,https://www.estate.am/en/en/3-rooms-apartment-sale-in-downtown-yerevan-d106338
101,https://www.estate.am/en/en/3-rooms-apartment-sale-in-ajapnyak-yerevan-d107236
102,https://www.estate.am/en/en/3-rooms-apartment-sale-in-arabkir-yerevan-d110062
103,https://www.estate.am/en/en/5-rooms-apartment-sale-in-downtown-yerevan-d110508
104,https://www.estate.am/en/en/3-rooms-apartment-sale-in-arabkir-yerevan-d89047
105,https://www.estate.am/en/en/2-rooms-apartment-sale-in-center-yerevan-d99895
106,https://www.estate.am/en/en/6-rooms-apartment-sale-in-downtown-yerevan-d101961
107,https://www.estate.am/en/en/3-rooms-apartment-sale-in-arabkir-yerevan-d110236
108,https://www.estate.am/en/en/3-rooms-apartment-sale-in-downtown-yerevan-d106159
109,https://www.estate.am/en/en/3-rooms-apartment-sale-in-arabkir-yerevan-d108865
110,https://www.estate.am/en/en/2-rooms-apartment-sale-in-arabkir-yerevan-d110209
111,https://www.estate.am/en/en/5-rooms-apartment-sale-in-kanaker-zeytun-yerevan-d107045
112,https://www.estate.am/en/en/2-rooms-apartment-sale-in-downtown-yerevan-d110219
113,https://www.estate.am/en/en/4-rooms-apartment-sale-in-center-yerevan-d111308
114,https://www.estate.am/en/en/1-rooms-apartment-sale-in-downtown-yerevan-d109106
115,https://www.estate.am/en/en/2-rooms-apartment-sale-in-arabkir-yerevan-d97578
116,https://www.estate.am/en/en/2-rooms-apartment-sale-in-downtown-yerevan-d104575
117,https://www.estate.am/en/en/2-rooms-apartment-sale-in-arabkir-yerevan-d70485
118,https://www.estate.am/en/en/2-rooms-apartment-sale-in-arabkir-yerevan-d95137
119,https://www.estate.am/en/en/2-rooms-apartment-sale-in-arabkir-yerevan-d87242
120,https://www.estate.am/en/en/2-rooms-apartment-sale-in-arabkir-yerevan-d106857
121,https://www.estate.am/en/en/2-rooms-apartment-sale-in-arabkir-yerevan-d108763
122,https://www.estate.am/en/en/2-rooms-apartment-sale-in-arabkir-yerevan-d108764
123,https://www.estate.am/en/en/2-rooms-apartment-sale-in-arabkir-yerevan-d76440
124,https://www.estate.am/en/en/3-rooms-apartment-sale-in-nor-nork-yerevan-d106563
125,https://www.estate.am/en/en/4-rooms-apartment-sale-in-center-yerevan-d108467
126,https://www.estate.am/en/en/2-rooms-apartment-sale-in-downtown-yerevan-d100631
127,https://www.estate.am/en/en/3-rooms-apartment-sale-in-downtown-yerevan-d110507
128,https://www.estate.am/en/en/5-rooms-apartment-sale-in-downtown-yerevan-d110454
129,https://www.estate.am/en/en/3-rooms-apartment-sale-in-shengavit-yerevan-d103723
130,https://www.estate.am/en/en/4-rooms-apartment-sale-in-arabkir-yerevan-d107601
131,https://www.estate.am/en/en/3-rooms-apartment-sale-in-arabkir-yerevan-d109367
132,https://www.estate.am/en/en/2-rooms-apartment-sale-in-arabkir-yerevan-d109840
133,https://www.estate.am/en/en/3-rooms-apartment-sale-in-kanaker-zeytun-yerevan-d110117
134,https://www.estate.am/en/en/2-rooms-apartment-sale-in-arabkir-yerevan-d102509
135,https://www.estate.am/en/en/4-rooms-apartment-sale-in-davtashen-yerevan-d97464
136,https://www.estate.am/en/en/3-rooms-apartment-sale-in-erebouni-yerevan-d111290
137,https://www.estate.am/en/en/2-rooms-apartment-sale-in-downtown-yerevan-d99185
138,https://www.estate.am/en/en/1-rooms-apartment-sale-in-arabkir-yerevan-d83780
139,https://www.estate.am/en/en/3-rooms-apartment-sale-in-downtown-yerevan-d111289
140,https://www.estate.am/en/en/10-rooms-apartment-sale-in-downtown-yerevan-d94360
141,https://www.estate.am/en/en/3-rooms-apartment-sale-in-center-yerevan-d97107
142,https://www.estate.am/en/en/3-rooms-apartment-sale-in-downtown-yerevan-d103516
143,https://www.estate.am/en/en/6-rooms-apartment-sale-in-downtown-yerevan-d103280
144,https://www.estate.am/en/en/3-rooms-apartment-sale-in-arabkir-yerevan-d86559
145,https://www.estate.am/en/en/2-rooms-apartment-sale-in-arabkir-yerevan-d107210
146,https://www.estate.am/en/en/2-rooms-apartment-sale-in-arabkir-yerevan-d104527
147,https://www.estate.am/en/en/4-rooms-apartment-sale-in-downtown-yerevan-d110491
148,https://www.estate.am/en/en/5-rooms-apartment-sale-in-downtown-yerevan-d110506
149,https://www.estate.am/en/en/2-rooms-apartment-sale-in-arabkir-yerevan-d95541
150,https://www.estate.am/en/en/4-rooms-apartment-sale-in-center-yerevan-d108134
151,https://www.estate.am/en/en/2-rooms-apartment-sale-in-nork-marash-yerevan-d107555
152,https://www.estate.am/en/en/2-rooms-apartment-sale-in-downtown-yerevan-d107556
153,https://www.estate.am/en/en/4-rooms-apartment-sale-in-downtown-yerevan-d54872
154,https://www.estate.am/en/en/2-rooms-apartment-sale-in-downtown-yerevan-d96807
155,https://www.estate.am/en/en/3-rooms-apartment-sale-in-downtown-yerevan-d107552
156,https://www.estate.am/en/en/2-rooms-apartment-sale-in-downtown-yerevan-d107553
157,https://www.estate.am/en/en/4-rooms-apartment-sale-in-downtown-yerevan-d107554
158,https://www.estate.am/en/en/3-rooms-apartment-sale-in-downtown-yerevan-d108911
159,https://www.estate.am/en/en/8-rooms-apartment-sale-in-arabkir-yerevan-d90122
160,https://www.estate.am/en/en/1-rooms-apartment-sale-in-downtown-yerevan-d111264
161,https://www.estate.am/en/en/3-rooms-apartment-sale-in-downtown-yerevan-d111252
162,https://www.estate.am/en/en/2-rooms-apartment-sale-in-downtown-yerevan-d106726
163,https://www.estate.am/en/en/4-rooms-apartment-sale-in-center-yerevan-d110170
164,https://www.estate.am/en/en/2-rooms-apartment-sale-in-downtown-yerevan-d103793
165,https://www.estate.am/en/en/4-rooms-apartment-sale-in-downtown-yerevan-d98047
166,https://www.estate.am/en/en/3-rooms-apartment-sale-in-downtown-yerevan-d104389
167,https://www.estate.am/en/en/5-rooms-apartment-sale-in-downtown-yerevan-d81739
168,https://www.estate.am/en/en/2-rooms-apartment-sale-in-center-yerevan-d105326
169,https://www.estate.am/en/en/5-rooms-apartment-sale-in-downtown-yerevan-d107219
170,https://www.estate.am/en/en/4-rooms-apartment-sale-in-downtown-yerevan-d108506
171,https://www.estate.am/en/en/3-rooms-apartment-sale-in-downtown-yerevan-d110130
172,https://www.estate.am/en/en/3-rooms-apartment-sale-in-downtown-yerevan-d99497
173,https://www.estate.am/en/en/3-rooms-apartment-sale-in-downtown-yerevan-d108906
174,https://www.estate.am/en/en/3-rooms-apartment-sale-in-davtashen-yerevan-d110207
175,https://www.estate.am/en/en/3-rooms-apartment-sale-in-downtown-yerevan-d81275
176,https://www.estate.am/en/en/3-rooms-apartment-sale-in-arabkir-yerevan-d100233
177,https://www.estate.am/en/en/4-rooms-apartment-sale-in-downtown-yerevan-d101754
178,https://www.estate.am/en/en/3-rooms-apartment-sale-in-arabkir-yerevan-d102284
179,https://www.estate.am/en/en/4-rooms-apartment-sale-in-downtown-yerevan-d103210
180,https://www.estate.am/en/en/4-rooms-apartment-sale-in-downtown-yerevan-d103581
181,https://www.estate.am/en/en/4-rooms-apartment-sale-in-downtown-yerevan-d104443
182,https://www.estate.am/en/en/6-rooms-apartment-sale-in-downtown-yerevan-d105168
183,https://www.estate.am/en/en/5-rooms-apartment-sale-in-downtown-yerevan-d95997
184,https://www.estate.am/en/en/3-rooms-apartment-sale-in-downtown-yerevan-d107326
185,https://www.estate.am/en/en/3-rooms-apartment-sale-in-downtown-yerevan-d108938
186,https://www.estate.am/en/en/2-rooms-apartment-sale-in-downtown-yerevan-d109583
187,https://www.estate.am/en/en/3-rooms-apartment-sale-in-downtown-yerevan-d96997
188,https://www.estate.am/en/en/3-rooms-apartment-sale-in-downtown-yerevan-d108003
189,https://www.estate.am/en/en/2-rooms-apartment-sale-in-downtown-yerevan-d73290
190,https://www.estate.am/en/en/3-rooms-apartment-sale-in-downtown-yerevan-d99141
191,https://www.estate.am/en/en/3-rooms-apartment-sale-in-downtown-yerevan-d102389
192,https://www.estate.am/en/en/4-rooms-apartment-sale-in-arabkir-yerevan-d109169
193,https://www.estate.am/en/en/4-rooms-apartment-sale-in-downtown-yerevan-d109671
194,https://www.estate.am/en/en/3-rooms-apartment-sale-in-downtown-yerevan-d87902
195,https://www.estate.am/en/en/4-rooms-apartment-sale-in-center-yerevan-d92330
196,https://www.estate.am/en/en/3-rooms-apartment-sale-in-downtown-yerevan-d97154
197,https://www.estate.am/en/en/5-rooms-apartment-sale-in-downtown-yerevan-d101544
198,https://www.estate.am/en/en/4-rooms-apartment-sale-in-downtown-yerevan-d101694
199,https://www.estate.am/en/en/3-rooms-apartment-sale-in-downtown-yerevan-d100511
200,https://www.estate.am/en/en/3-rooms-apartment-sale-in-downtown-yerevan-d100809
201,https://www.estate.am/en/en/2-rooms-apartment-sale-in-downtown-yerevan-d88685
202,https://www.estate.am/en/en/2-rooms-apartment-sale-in-downtown-yerevan-d110687
203,https://www.estate.am/en/en/2-rooms-apartment-sale-in-downtown-yerevan-d110688
204,https://www.estate.am/en/en/2-rooms-apartment-sale-in-downtown-yerevan-d110689
205,https://www.estate.am/en/en/2-rooms-apartment-sale-in-downtown-yerevan-d110690
206,https://www.estate.am/en/en/4-rooms-apartment-sale-in-downtown-yerevan-d110692
207,https://www.estate.am/en/en/4-rooms-apartment-sale-in-downtown-yerevan-d110693
208,https://www.estate.am/en/en/3-rooms-apartment-sale-in-downtown-yerevan-d110691
209,https://www.estate.am/en/en/5-rooms-apartment-sale-in-downtown-yerevan-d111259
210,https://www.estate.am/en/en/3-rooms-apartment-sale-in-downtown-yerevan-d111260
211,https://www.estate.am/en/en/2-rooms-apartment-sale-in-downtown-yerevan-d98341
212,https://www.estate.am/en/en/3-rooms-apartment-sale-in-nor-nork-yerevan-d107512
213,https://www.estate.am/en/en/4-rooms-apartment-sale-in-downtown-yerevan-d80866
214,https://www.estate.am/en/en/3-rooms-apartment-sale-in-arabkir-yerevan-d42339
215,https://www.estate.am/en/en/3-rooms-apartment-sale-in-center-yerevan-d111251
216,https://www.estate.am/en/en/2-rooms-apartment-sale-in-arabkir-yerevan-d101915
217,https://www.estate.am/en/en/3-rooms-apartment-sale-in-downtown-yerevan-d108462
218,https://www.estate.am/en/en/2-rooms-apartment-sale-in-downtown-yerevan-d108463
219,https://www.estate.am/en/en/1-rooms-apartment-sale-in-downtown-yerevan-d103232
220,https://www.estate.am/en/en/4-rooms-apartment-sale-in-downtown-yerevan-d105385
221,https://www.estate.am/en/en/1-rooms-apartment-sale-in-downtown-yerevan-d107348
222,https://www.estate.am/en/en/5-rooms-apartment-sale-in-downtown-yerevan-d109300
223,https://www.estate.am/en/en/3-rooms-apartment-sale-in-nor-nork-yerevan-d111239
224,https://www.estate.am/en/en/2-rooms-apartment-sale-in-nor-nork-yerevan-d111240
225,https://www.estate.am/en/en/2-rooms-apartment-sale-in-arabkir-yerevan-d111246
226,https://www.estate.am/en/en/4-rooms-apartment-sale-in-downtown-yerevan-d108852
227,https://www.estate.am/en/en/2-rooms-apartment-sale-in-downtown-yerevan-d108853
228,https://www.estate.am/en/en/4-rooms-apartment-sale-in-downtown-yerevan-d102111
229,https://www.estate.am/en/en/4-rooms-apartment-sale-in-center-yerevan-d107838
230,https://www.estate.am/en/en/2-rooms-apartment-sale-in-downtown-yerevan-d105483
231,https://www.estate.am/en/en/3-rooms-apartment-sale-in-kanaker-zeytun-yerevan-d111119
232,https://www.estate.am/en/en/2-rooms-apartment-sale-in-kanaker-zeytun-yerevan-d111120
233,https://www.estate.am/en/en/2-rooms-apartment-sale-in-nor-nork-yerevan-d111235
234,https://www.estate.am/en/en/2-rooms-apartment-sale-in-nor-nork-yerevan-d111236
235,https://www.estate.am/en/en/3-rooms-apartment-sale-in-nor-nork-yerevan-d111237
236,https://www.estate.am/en/en/3-rooms-apartment-sale-in-nor-nork-yerevan-d111238
237,https://www.estate.am/en/en/2-rooms-apartment-sale-in-center-yerevan-d111244
238,https://www.estate.am/en/en/3-rooms-apartment-sale-in-downtown-yerevan-d109550
239,https://www.estate.am/en/en/2-rooms-apartment-sale-in-downtown-yerevan-d110081
240,https://www.estate.am/en/en/2-rooms-apartment-sale-in-downtown-yerevan-d110215
241,https://www.estate.am/en/en/4-rooms-apartment-sale-in-downtown-yerevan-d103159
242,https://www.estate.am/en/en/3-rooms-apartment-sale-in-arabkir-yerevan-d106863
243,https://www.estate.am/en/en/3-rooms-apartment-sale-in-arabkir-yerevan-d107456
244,https://www.estate.am/en/en/2-rooms-apartment-sale-in-arabkir-yerevan-d107570
245,https://www.estate.am/en/en/2-rooms-apartment-sale-in-downtown-yerevan-d107656
246,https://www.estate.am/en/en/2-rooms-apartment-sale-in-arabkir-yerevan-d108922
247,https://www.estate.am/en/en/3-rooms-apartment-sale-in-davtashen-yerevan-d109162
248,https://www.estate.am/en/en/3-rooms-apartment-sale-in-ajapnyak-yerevan-d109225
249,https://www.estate.am/en/en/2-rooms-apartment-sale-in-davtashen-yerevan-d109736
250,https://www.estate.am/en/en/3-rooms-apartment-sale-in-avan-yerevan-d109957
251,https://www.estate.am/en/en/4-rooms-apartment-sale-in-downtown-yerevan-d110152
252,https://www.estate.am/en/en/3-rooms-apartment-sale-in-downtown-yerevan-d111242
253,https://www.estate.am/en/en/2-rooms-apartment-sale-in-center-yerevan-d111245
254,https://www.estate.am/en/en/4-rooms-apartment-sale-in-arabkir-yerevan-d99193
255,https://www.estate.am/en/en/3-rooms-apartment-sale-in-center-yerevan-d87722
256,https://www.estate.am/en/en/2-rooms-apartment-sale-in-nor-nork-yerevan-d110658
257,https://www.estate.am/en/en/2-rooms-apartment-sale-in-nor-nork-yerevan-d110656
258,https://www.estate.am/en/en/3-rooms-apartment-sale-in-nor-nork-yerevan-d110657
259,https://www.estate.am/en/en/2-rooms-apartment-sale-in-nor-nork-yerevan-d105860
260,https://www.estate.am/en/en/4-rooms-apartment-sale-in-downtown-yerevan-d109144
261,https://www.estate.am/en/en/4-rooms-apartment-sale-in-downtown-yerevan-d97893
262,https://www.estate.am/en/en/3-rooms-apartment-sale-in-downtown-yerevan-d103192
263,https://www.estate.am/en/en/3-rooms-apartment-sale-in-downtown-yerevan-d108748
264,https://www.estate.am/en/en/4-rooms-apartment-sale-in-downtown-yerevan-d97696
265,https://www.estate.am/en/en/3-rooms-apartment-sale-in-downtown-yerevan-d98200
266,https://www.estate.am/en/en/3-rooms-apartment-sale-in-downtown-yerevan-d106133
267,https://www.estate.am/en/en/4-rooms-apartment-sale-in-downtown-yerevan-d85472
268,https://www.estate.am/en/en/4-rooms-apartment-sale-in-downtown-yerevan-d97030
269,https://www.estate.am/en/en/4-rooms-apartment-sale-in-downtown-yerevan-d101759
270,https://www.estate.am/en/en/4-rooms-apartment-sale-in-downtown-yerevan-d102041
271,https://www.estate.am/en/en/4-rooms-apartment-sale-in-center-yerevan-d104491
272,https://www.estate.am/en/en/3-rooms-apartment-sale-in-downtown-yerevan-d104493
273,https://www.estate.am/en/en/3-rooms-apartment-sale-in-downtown-yerevan-d107147
274,https://www.estate.am/en/en/4-rooms-apartment-sale-in-center-yerevan-d96930
275,https://www.estate.am/en/en/3-rooms-apartment-sale-in-downtown-yerevan-d104488
276,https://www.estate.am/en/en/5-rooms-apartment-sale-in-downtown-yerevan-d104733
277,https://www.estate.am/en/en/2-rooms-apartment-sale-in-downtown-yerevan-d109191
278,https://www.estate.am/en/en/4-rooms-apartment-sale-in-downtown-yerevan-d109488
279,https://www.estate.am/en/en/3-rooms-apartment-sale-in-downtown-yerevan-d96695
280,https://www.estate.am/en/en/3-rooms-apartment-sale-in-arabkir-yerevan-d104253
281,https://www.estate.am/en/en/4-rooms-apartment-sale-in-arabkir-yerevan-d99828
282,https://www.estate.am/en/en/4-rooms-apartment-sale-in-arabkir-yerevan-d63553
283,https://www.estate.am/en/en/3-rooms-apartment-sale-in-davtashen-yerevan-d109248
284,https://www.estate.am/en/en/3-rooms-apartment-sale-in-arabkir-yerevan-d105792
285,https://www.estate.am/en/en/3-rooms-apartment-sale-in-nor-nork-yerevan-d105436
286,https://www.estate.am/en/en/3-rooms-apartment-sale-in-malatia-sebastia-yerevan-d109029
287,https://www.estate.am/en/en/3-rooms-apartment-sale-in-downtown-yerevan-d95674
288,https://www.estate.am/en/en/2-rooms-apartment-sale-in-nor-nork-yerevan-d105870
289,https://www.estate.am/en/en/3-rooms-apartment-sale-in-avan-yerevan-d111219
290,https://www.estate.am/en/en/3-rooms-apartment-sale-in-avan-yerevan-d111220
291,https://www.estate.am/en/en/3-rooms-apartment-sale-in-avan-yerevan-d111221
292,https://www.estate.am/en/en/3-rooms-apartment-sale-in-avan-yerevan-d111222
293,https://www.estate.am/en/en/2-rooms-apartment-sale-in-arabkir-yerevan-d111232
294,https://www.estate.am/en/en/6-rooms-apartment-sale-in-downtown-yerevan-d111234
295,https://www.estate.am/en/en/2-rooms-apartment-sale-in-tsaxkadzor-d111241
296,https://www.estate.am/en/en/1-rooms-apartment-sale-in-arabkir-yerevan-d91817
297,https://www.estate.am/en/en/2-rooms-apartment-sale-in-downtown-yerevan-d110164
298,https://www.estate.am/en/en/2-rooms-apartment-sale-in-downtown-yerevan-d105448
299,https://www.estate.am/en/en/3-rooms-apartment-sale-in-nor-nork-yerevan-d106861
300,https://www.estate.am/en/en/3-rooms-apartment-sale-in-downtown-yerevan-d108525
301,https://www.estate.am/en/en/10-rooms-apartment-sale-in-downtown-yerevan-d96060
302,https://www.estate.am/en/en/3-rooms-apartment-sale-in-downtown-yerevan-d111053
303,https://www.estate.am/en/en/2-rooms-apartment-sale-in-downtown-yerevan-d104642
304,https://www.estate.am/en/en/2-rooms-apartment-sale-in-downtown-yerevan-d107068
305,https://www.estate.am/en/en/2-rooms-apartment-sale-in-ajapnyak-yerevan-d111224
306,https://www.estate.am/en/en/3-rooms-apartment-sale-in-arabkir-yerevan-d91689
307,https://www.estate.am/en/en/2-rooms-apartment-sale-in-arabkir-yerevan-d79144
308,https://www.estate.am/en/en/4-rooms-apartment-sale-in-arabkir-yerevan-d83214
309,https://www.estate.am/en/en/4-rooms-apartment-sale-in-downtown-yerevan-d100659
310,https://www.estate.am/en/en/4-rooms-apartment-sale-in-downtown-yerevan-d106912
311,https://www.estate.am/en/en/5-rooms-apartment-sale-in-arabkir-yerevan-d108974
312,https://www.estate.am/en/en/2-rooms-apartment-sale-in-center-yerevan-d111198
313,https://www.estate.am/en/en/3-rooms-apartment-sale-in-arabkir-yerevan-d111225
314,https://www.estate.am/en/en/3-rooms-apartment-sale-in-erebouni-yerevan-d111226
315,https://www.estate.am/en/en/3-rooms-apartment-sale-in-davtashen-yerevan-d107269
316,https://www.estate.am/en/en/4-rooms-apartment-sale-in-center-yerevan-d103430
317,https://www.estate.am/en/en/4-rooms-apartment-sale-in-downtown-yerevan-d110634
318,https://www.estate.am/en/en/3-rooms-apartment-sale-in-downtown-yerevan-d110153
319,https://www.estate.am/en/en/5-rooms-apartment-sale-in-downtown-yerevan-d107123
320,https://www.estate.am/en/en/3-rooms-apartment-sale-in-downtown-yerevan-d108895
321,https://www.estate.am/en/en/1-rooms-apartment-sale-in-erebouni-yerevan-d108896
322,https://www.estate.am/en/en/2-rooms-apartment-sale-in-downtown-yerevan-d109982
323,https://www.estate.am/en/en/2-rooms-apartment-sale-in-downtown-yerevan-d109981
324,https://www.estate.am/en/en/3-rooms-apartment-sale-in-downtown-yerevan-d110143
325,https://www.estate.am/en/en/3-rooms-apartment-sale-in-downtown-yerevan-d111209
326,https://www.estate.am/en/en/4-rooms-apartment-sale-in-nor-nork-yerevan-d108564
327,https://www.estate.am/en/en/2-rooms-apartment-sale-in-arabkir-yerevan-d109108
328,https://www.estate.am/en/en/4-rooms-apartment-sale-in-downtown-yerevan-d89744
329,https://www.estate.am/en/en/3-rooms-apartment-sale-in-arabkir-yerevan-d109184
330,https://www.estate.am/en/en/4-rooms-apartment-sale-in-ajapnyak-yerevan-d109908
331,https://www.estate.am/en/en/3-rooms-apartment-sale-in-downtown-yerevan-d111210
332,https://www.estate.am/en/en/3-rooms-apartment-sale-in-center-yerevan-d111211
333,https://www.estate.am/en/en/2-rooms-apartment-sale-in-davtashen-yerevan-d111212
334,https://www.estate.am/en/en/4-rooms-apartment-sale-in-center-yerevan-d102666
335,https://www.estate.am/en/en/4-rooms-apartment-sale-in-arabkir-yerevan-d108746
336,https://www.estate.am/en/en/2-rooms-apartment-sale-in-downtown-yerevan-d98557
337,https://www.estate.am/en/en/3-rooms-apartment-sale-in-downtown-yerevan-d109518
338,https://www.estate.am/en/en/4-rooms-apartment-sale-in-downtown-yerevan-d95066
339,https://www.estate.am/en/en/2-rooms-apartment-sale-in-center-yerevan-d104663
340,https://www.estate.am/en/en/3-rooms-apartment-sale-in-center-yerevan-d107214
341,https://www.estate.am/en/en/3-rooms-apartment-sale-in-arabkir-yerevan-d106031
342,https://www.estate.am/en/en/3-rooms-apartment-sale-in-ajapnyak-yerevan-d111204
343,https://www.estate.am/en/en/4-rooms-apartment-sale-in-arabkir-yerevan-d111203
344,https://www.estate.am/en/en/3-rooms-apartment-sale-in-arabkir-yerevan-d111202
345,https://www.estate.am/en/en/3-rooms-apartment-sale-in-downtown-yerevan-d105418
346,https://www.estate.am/en/en/4-rooms-apartment-sale-in-center-yerevan-d109903
347,https://www.estate.am/en/en/2-rooms-apartment-sale-in-center-yerevan-d108892
348,https://www.estate.am/en/en/1-rooms-apartment-sale-in-downtown-yerevan-d110331
349,https://www.estate.am/en/en/1-rooms-apartment-sale-in-downtown-yerevan-d110307
350,https://www.estate.am/en/en/3-rooms-apartment-sale-in-arabkir-yerevan-d107094
351,https://www.estate.am/en/en/2-rooms-apartment-sale-in-arabkir-yerevan-d101337
352,https://www.estate.am/en/en/1-rooms-apartment-sale-in-downtown-yerevan-d1128
353,https://www.estate.am/en/en/3-rooms-apartment-sale-in-nor-nork-yerevan-d107620
354,https://www.estate.am/en/en/5-rooms-apartment-sale-in-arabkir-yerevan-d103560
355,https://www.estate.am/en/en/1-rooms-apartment-sale-in-downtown-yerevan-d109667
356,https://www.estate.am/en/en/3-rooms-apartment-sale-in-downtown-yerevan-d111199
357,https://www.estate.am/en/en/5-rooms-apartment-sale-in-center-yerevan-d111201
358,https://www.estate.am/en/en/2-rooms-apartment-sale-in-kanaker-zeytun-yerevan-d111208
359,https://www.estate.am/en/en/2-rooms-apartment-sale-in-arabkir-yerevan-d106611
360,https://www.estate.am/en/en/3-rooms-apartment-sale-in-arabkir-yerevan-d109755
361,https://www.estate.am/en/en/3-rooms-apartment-sale-in-erebouni-yerevan-d107301
362,https://www.estate.am/en/en/2-rooms-apartment-sale-in-avan-yerevan-d111196
363,https://www.estate.am/en/en/1-rooms-apartment-sale-in-downtown-yerevan-d86810
364,https://www.estate.am/en/en/2-rooms-apartment-sale-in-arabkir-yerevan-d102866
365,https://www.estate.am/en/en/2-rooms-apartment-sale-in-downtown-yerevan-d109508
366,https://www.estate.am/en/en/3-rooms-apartment-sale-in-downtown-yerevan-d90680
367,https://www.estate.am/en/en/2-rooms-apartment-sale-in-center-yerevan-d103989
368,https://www.estate.am/en/en/4-rooms-apartment-sale-in-avan-yerevan-d104156
369,https://www.estate.am/en/en/1-rooms-apartment-sale-in-downtown-yerevan-d107493
370,https://www.estate.am/en/en/2-rooms-apartment-sale-in-downtown-yerevan-d109659
371,https://www.estate.am/en/en/3-rooms-apartment-sale-in-yerevan-d109658
372,https://www.estate.am/en/en/4-rooms-apartment-sale-in-arabkir-yerevan-d108897
373,https://www.estate.am/en/en/2-rooms-apartment-sale-in-avan-yerevan-d109989
374,https://www.estate.am/en/en/3-rooms-apartment-sale-in-downtown-yerevan-d104810
375,https://www.estate.am/en/en/4-rooms-apartment-sale-in-downtown-yerevan-d103649
376,https://www.estate.am/en/en/3-rooms-apartment-sale-in-downtown-yerevan-d110395
377,https://www.estate.am/en/en/3-rooms-apartment-sale-in-downtown-yerevan-d110380
378,https://www.estate.am/en/en/3-rooms-apartment-sale-in-arabkir-yerevan-d110381
379,https://www.estate.am/en/en/3-rooms-apartment-sale-in-arabkir-yerevan-d93704
380,https://www.estate.am/en/en/4-rooms-apartment-sale-in-downtown-yerevan-d92652
381,https://www.estate.am/en/en/4-rooms-apartment-sale-in-center-yerevan-d94864
382,https://www.estate.am/en/en/2-rooms-apartment-sale-in-center-yerevan-d100565
383,https://www.estate.am/en/en/3-rooms-apartment-sale-in-downtown-yerevan-d101132
384,https://www.estate.am/en/en/1-rooms-apartment-sale-in-center-yerevan-d104368
385,https://www.estate.am/en/en/2-rooms-apartment-sale-in-downtown-yerevan-d86301
386,https://www.estate.am/en/en/5-rooms-apartment-sale-in-downtown-yerevan-d105399
387,https://www.estate.am/en/en/4-rooms-apartment-sale-in-downtown-yerevan-d103422
388,https://www.estate.am/en/en/4-rooms-apartment-sale-in-downtown-yerevan-d104032
389,https://www.estate.am/en/en/1-rooms-apartment-sale-in-arabkir-yerevan-d105709
390,https://www.estate.am/en/en/3-rooms-apartment-sale-in-ajapnyak-yerevan-d108790
391,https://www.estate.am/en/en/3-rooms-apartment-sale-in-center-yerevan-d97765
392,https://www.estate.am/en/en/3-rooms-apartment-sale-in-shengavit-yerevan-d107997
393,https://www.estate.am/en/en/5-rooms-apartment-sale-in-downtown-yerevan-d110371
394,https://www.estate.am/en/en/3-rooms-apartment-sale-in-downtown-yerevan-d81954
395,https://www.estate.am/en/en/1-rooms-apartment-sale-in-downtown-yerevan-d111191
396,https://www.estate.am/en/en/3-rooms-apartment-sale-in-downtown-yerevan-d105583
397,https://www.estate.am/en/en/3-rooms-apartment-sale-in-downtown-yerevan-d98342
398,https://www.estate.am/en/en/3-rooms-apartment-sale-in-arabkir-yerevan-d92366
399,https://www.estate.am/en/en/2-rooms-apartment-sale-in-malatia-sebastia-yerevan-d109131
400,https://www.estate.am/en/en/2-rooms-apartment-sale-in-downtown-yerevan-d71631
401,https://www.estate.am/en/en/1-rooms-apartment-sale-in-downtown-yerevan-d111174
402,https://www.estate.am/en/en/4-rooms-apartment-sale-in-downtown-yerevan-d110129
403,https://www.estate.am/en/en/4-rooms-apartment-sale-in-center-yerevan-d96757
404,https://www.estate.am/en/en/4-rooms-apartment-sale-in-nor-nork-yerevan-d109638
405,https://www.estate.am/en/en/2-rooms-apartment-sale-in-arabkir-yerevan-d111159
406,https://www.estate.am/en/en/4-rooms-apartment-sale-in-downtown-yerevan-d103783
407,https://www.estate.am/en/en/3-rooms-apartment-sale-in-arabkir-yerevan-d110277
408,https://www.estate.am/en/en/3-rooms-apartment-sale-in-nor-nork-yerevan-d108561
409,https://www.estate.am/en/en/4-rooms-apartment-sale-in-center-yerevan-d97029
410,https://www.estate.am/en/en/4-rooms-apartment-sale-in-center-yerevan-d110378
411,https://www.estate.am/en/en/3-rooms-apartment-sale-in-center-yerevan-d108000
412,https://www.estate.am/en/en/3-rooms-apartment-sale-in-center-yerevan-d104408
413,https://www.estate.am/en/en/3-rooms-apartment-sale-in-arabkir-yerevan-d110165
414,https://www.estate.am/en/en/2-rooms-apartment-sale-in-downtown-yerevan-d111154
415,https://www.estate.am/en/en/4-rooms-apartment-sale-in-arabkir-yerevan-d111165
416,https://www.estate.am/en/en/4-rooms-apartment-sale-in-downtown-yerevan-d109181
417,https://www.estate.am/en/en/3-rooms-apartment-sale-in-downtown-yerevan-d103855
418,https://www.estate.am/en/en/3-rooms-apartment-sale-in-downtown-yerevan-d105327
419,https://www.estate.am/en/en/3-rooms-apartment-sale-in-downtown-yerevan-d106845
420,https://www.estate.am/en/en/3-rooms-apartment-sale-in-center-yerevan-d107668
421,https://www.estate.am/en/en/2-rooms-apartment-sale-in-downtown-yerevan-d102227
422,https://www.estate.am/en/en/5-rooms-apartment-sale-in-downtown-yerevan-d102292
423,https://www.estate.am/en/en/3-rooms-apartment-sale-in-center-yerevan-d109556
424,https://www.estate.am/en/en/3-rooms-apartment-sale-in-center-yerevan-d111151
425,https://www.estate.am/en/en/3-rooms-apartment-sale-in-downtown-yerevan-d80337
426,https://www.estate.am/en/en/3-rooms-apartment-sale-in-center-yerevan-d102138
427,https://www.estate.am/en/en/3-rooms-apartment-sale-in-arabkir-yerevan-d110990
428,https://www.estate.am/en/en/3-rooms-apartment-sale-in-arabkir-yerevan-d110991
429,https://www.estate.am/en/en/2-rooms-apartment-sale-in-downtown-yerevan-d111144
430,https://www.estate.am/en/en/3-rooms-apartment-sale-in-nor-nork-yerevan-d111153
431,https://www.estate.am/en/en/2-rooms-apartment-sale-in-downtown-yerevan-d94841
432,https://www.estate.am/en/en/1-rooms-apartment-sale-in-downtown-yerevan-d100861
433,https://www.estate.am/en/en/1-rooms-apartment-sale-in-center-yerevan-d99486
434,https://www.estate.am/en/en/2-rooms-apartment-sale-in-arabkir-yerevan-d109003
435,https://www.estate.am/en/en/1-rooms-apartment-sale-in-downtown-yerevan-d92432
436,https://www.estate.am/en/en/2-rooms-apartment-sale-in-arabkir-yerevan-d109523
437,https://www.estate.am/en/en/3-rooms-apartment-sale-in-center-yerevan-d111140
438,https://www.estate.am/en/en/2-rooms-apartment-sale-in-arabkir-yerevan-d111141
439,https://www.estate.am/en/en/3-rooms-apartment-sale-in-nor-nork-yerevan-d111142
440,https://www.estate.am/en/en/3-rooms-apartment-sale-in-downtown-yerevan-d111143
441,https://www.estate.am/en/en/5-rooms-apartment-sale-in-downtown-yerevan-d106684
442,https://www.estate.am/en/en/3-rooms-apartment-sale-in-downtown-yerevan-d87422
443,https://www.estate.am/en/en/3-rooms-apartment-sale-in-arabkir-yerevan-d84859
444,https://www.estate.am/en/en/3-rooms-apartment-sale-in-avan-yerevan-d96962
445,https://www.estate.am/en/en/2-rooms-apartment-sale-in-downtown-yerevan-d91652
446,https://www.estate.am/en/en/2-rooms-apartment-sale-in-downtown-yerevan-d103048
447,https://www.estate.am/en/en/2-rooms-apartment-sale-in-downtown-yerevan-d111102
448,https://www.estate.am/en/en/1-rooms-apartment-sale-in-arabkir-yerevan-d111130
449,https://www.estate.am/en/en/4-rooms-apartment-sale-in-downtown-yerevan-d109750
450,https://www.estate.am/en/en/3-rooms-apartment-sale-in-arabkir-yerevan-d111128
451,https://www.estate.am/en/en/4-rooms-apartment-sale-in-arabkir-yerevan-d111129
452,https://www.estate.am/en/en/2-rooms-apartment-sale-in-arabkir-yerevan-d111127
453,https://www.estate.am/en/en/2-rooms-apartment-sale-in-center-yerevan-d110322
454,https://www.estate.am/en/en/4-rooms-apartment-sale-in-erebouni-yerevan-d110040
455,https://www.estate.am/en/en/3-rooms-apartment-sale-in-downtown-yerevan-d104637
456,https://www.estate.am/en/en/3-rooms-apartment-sale-in-arabkir-yerevan-d111100
457,https://www.estate.am/en/en/2-rooms-apartment-sale-in-ajapnyak-yerevan-d111110
458,https://www.estate.am/en/en/1-rooms-apartment-sale-in-center-yerevan-d111116
459,https://www.estate.am/en/en/3-rooms-apartment-sale-in-arabkir-yerevan-d101721
460,https://www.estate.am/en/en/2-rooms-apartment-sale-in-center-yerevan-d105380
461,https://www.estate.am/en/en/2-rooms-apartment-sale-in-arabkir-yerevan-d110992
462,https://www.estate.am/en/en/1-rooms-apartment-sale-in-arabkir-yerevan-d110993
463,https://www.estate.am/en/en/4-rooms-apartment-sale-in-arabkir-yerevan-d111022
464,https://www.estate.am/en/en/3-rooms-apartment-sale-in-center-yerevan-d111121
465,https://www.estate.am/en/en/3-rooms-apartment-sale-in-downtown-yerevan-d111113
466,https://www.estate.am/en/en/3-rooms-apartment-sale-in-arabkir-yerevan-d110191
467,https://www.estate.am/en/en/4-rooms-apartment-sale-in-downtown-yerevan-d111054
468,https://www.estate.am/en/en/2-rooms-apartment-sale-in-downtown-yerevan-d111106
469,https://www.estate.am/en/en/2-rooms-apartment-sale-in-davtashen-yerevan-d111108
470,https://www.estate.am/en/en/1-rooms-apartment-sale-in-downtown-yerevan-d111111
471,https://www.estate.am/en/en/3-rooms-apartment-sale-in-arabkir-yerevan-d72082
472,https://www.estate.am/en/en/3-rooms-apartment-sale-in-arabkir-yerevan-d72992
473,https://www.estate.am/en/en/3-rooms-apartment-sale-in-arabkir-yerevan-d84764
474,https://www.estate.am/en/en/3-rooms-apartment-sale-in-arabkir-yerevan-d102196
475,https://www.estate.am/en/en/3-rooms-apartment-sale-in-arabkir-yerevan-d104849
476,https://www.estate.am/en/en/3-rooms-apartment-sale-in-arabkir-yerevan-d63951
477,https://www.estate.am/en/en/3-rooms-apartment-sale-in-arabkir-yerevan-d70223
478,https://www.estate.am/en/en/3-rooms-apartment-sale-in-arabkir-yerevan-d104526
479,https://www.estate.am/en/en/1-rooms-apartment-sale-in-erebouni-yerevan-d111091
480,https://www.estate.am/en/en/3-rooms-apartment-sale-in-davtashen-yerevan-d111032
481,https://www.estate.am/en/en/4-rooms-apartment-sale-in-center-yerevan-d100445
482,https://www.estate.am/en/en/4-rooms-apartment-sale-in-downtown-yerevan-d111077
483,https://www.estate.am/en/en/3-rooms-apartment-sale-in-arabkir-yerevan-d111095
484,https://www.estate.am/en/en/3-rooms-apartment-sale-in-nor-nork-yerevan-d111101
485,https://www.estate.am/en/en/3-rooms-apartment-sale-in-center-yerevan-d111093
486,https://www.estate.am/en/en/3-rooms-apartment-sale-in-arabkir-yerevan-d71489
487,https://www.estate.am/en/en/4-rooms-apartment-sale-in-arabkir-yerevan-d111076
488,https://www.estate.am/en/en/3-rooms-apartment-sale-in-davtashen-yerevan-d111082
489,https://www.estate.am/en/en/3-rooms-apartment-sale-in-arabkir-yerevan-d111085
490,https://www.estate.am/en/en/4-rooms-apartment-sale-in-center-yerevan-d111089
491,https://www.estate.am/en/en/2-rooms-apartment-sale-in-downtown-yerevan-d111094
492,https://www.estate.am/en/en/4-rooms-apartment-sale-in-center-yerevan-d111070
493,https://www.estate.am/en/en/2-rooms-apartment-sale-in-arabkir-yerevan-d111074
494,https://www.estate.am/en/en/2-rooms-apartment-sale-in-arabkir-yerevan-d111083
495,https://www.estate.am/en/en/3-rooms-apartment-sale-in-arabkir-yerevan-d111084
496,https://www.estate.am/en/en/1-rooms-apartment-sale-in-downtown-yerevan-d110426
497,https://www.estate.am/en/en/3-rooms-apartment-sale-in-downtown-yerevan-d111035
498,https://www.estate.am/en/en/4-rooms-apartment-sale-in-downtown-yerevan-d111046
499,https://www.estate.am/en/en/3-rooms-apartment-sale-in-downtown-yerevan-d111047
500,https://www.estate.am/en/en/2-rooms-apartment-sale-in-arabkir-yerevan-d111067
501,https://www.estate.am/en/en/3-rooms-apartment-sale-in-downtown-yerevan-d111071
502,https://www.estate.am/en/en/3-rooms-apartment-sale-in-nork-marash-yerevan-d101758
503,https://www.estate.am/en/en/3-rooms-apartment-sale-in-arabkir-yerevan-d103966
504,https://www.estate.am/en/en/4-rooms-apartment-sale-in-kanaker-zeytun-yerevan-d111072
505,https://www.estate.am/en/en/3-rooms-apartment-sale-in-downtown-yerevan-d111073
506,https://www.estate.am/en/en/3-rooms-apartment-sale-in-downtown-yerevan-d111078
507,https://www.estate.am/en/en/2-rooms-apartment-sale-in-downtown-yerevan-d110413
508,https://www.estate.am/en/en/1-rooms-apartment-sale-in-arabkir-yerevan-d110914
509,https://www.estate.am/en/en/3-rooms-apartment-sale-in-downtown-yerevan-d111012
510,https://www.estate.am/en/en/2-rooms-apartment-sale-in-downtown-yerevan-d111049
511,https://www.estate.am/en/en/3-rooms-apartment-sale-in-downtown-yerevan-d111050
512,https://www.estate.am/en/en/3-rooms-apartment-sale-in-davtashen-yerevan-d111052
513,https://www.estate.am/en/en/2-rooms-apartment-sale-in-downtown-yerevan-d111038
514,https://www.estate.am/en/en/2-rooms-apartment-sale-in-center-yerevan-d111039
515,https://www.estate.am/en/en/3-rooms-apartment-sale-in-center-yerevan-d104423
516,https://www.estate.am/en/en/1-rooms-apartment-sale-in-kanaker-zeytun-yerevan-d111041
517,https://www.estate.am/en/en/4-rooms-apartment-sale-in-avan-yerevan-d110946
518,https://www.estate.am/en/en/4-rooms-apartment-sale-in-arabkir-yerevan-d111031
519,https://www.estate.am/en/en/3-rooms-apartment-sale-in-arabkir-yerevan-d111033
520,https://www.estate.am/en/en/3-rooms-apartment-sale-in-arabkir-yerevan-d111040
521,https://www.estate.am/en/en/5-rooms-apartment-sale-in-downtown-yerevan-d111042
522,https://www.estate.am/en/en/4-rooms-apartment-sale-in-downtown-yerevan-d16857
523,https://www.estate.am/en/en/5-rooms-apartment-sale-in-arabkir-yerevan-d111021
524,https://www.estate.am/en/en/3-rooms-apartment-sale-in-center-yerevan-d111034
525,https://www.estate.am/en/en/2-rooms-apartment-sale-in-downtown-yerevan-d111036
526,https://www.estate.am/en/en/3-rooms-apartment-sale-in-downtown-yerevan-d94810
527,https://www.estate.am/en/en/3-rooms-apartment-sale-in-downtown-yerevan-d95156
528,https://www.estate.am/en/en/5-rooms-apartment-sale-in-downtown-yerevan-d106709
529,https://www.estate.am/en/en/3-rooms-apartment-sale-in-downtown-yerevan-d111014
530,https://www.estate.am/en/en/3-rooms-apartment-sale-in-downtown-yerevan-d102236
531,https://www.estate.am/en/en/2-rooms-apartment-sale-in-center-yerevan-d105659
532,https://www.estate.am/en/en/3-rooms-apartment-sale-in-downtown-yerevan-d102026
533,https://www.estate.am/en/en/3-rooms-apartment-sale-in-center-yerevan-d110956
534,https://www.estate.am/en/en/2-rooms-apartment-sale-in-avan-yerevan-d105928
535,https://www.estate.am/en/en/2-rooms-apartment-sale-in-downtown-yerevan-d111015
536,https://www.estate.am/en/en/3-rooms-apartment-sale-in-kanaker-zeytun-yerevan-d111018
537,https://www.estate.am/en/en/2-rooms-apartment-sale-in-arabkir-yerevan-d111019
538,https://www.estate.am/en/en/3-rooms-apartment-sale-in-center-yerevan-d111001
539,https://www.estate.am/en/en/3-rooms-apartment-sale-in-ajapnyak-yerevan-d108751
540,https://www.estate.am/en/en/2-rooms-apartment-sale-in-downtown-yerevan-d111008
541,https://www.estate.am/en/en/4-rooms-apartment-sale-in-nor-nork-yerevan-d111009
542,https://www.estate.am/en/en/3-rooms-apartment-sale-in-downtown-yerevan-d101921
543,https://www.estate.am/en/en/3-rooms-apartment-sale-in-center-yerevan-d110427
544,https://www.estate.am/en/en/2-rooms-apartment-sale-in-center-yerevan-d110428
545,https://www.estate.am/en/en/2-rooms-apartment-sale-in-arabkir-yerevan-d109196
546,https://www.estate.am/en/en/3-rooms-apartment-sale-in-arabkir-yerevan-d110465
547,https://www.estate.am/en/en/3-rooms-apartment-sale-in-arabkir-yerevan-d111002
548,https://www.estate.am/en/en/3-rooms-apartment-sale-in-davtashen-yerevan-d111003
549,https://www.estate.am/en/en/4-rooms-apartment-sale-in-arabkir-yerevan-d110980
550,https://www.estate.am/en/en/2-rooms-apartment-sale-in-nor-nork-yerevan-d110659
551,https://www.estate.am/en/en/2-rooms-apartment-sale-in-nor-nork-yerevan-d110660
552,https://www.estate.am/en/en/3-rooms-apartment-sale-in-shengavit-yerevan-d96710
553,https://www.estate.am/en/en/3-rooms-apartment-sale-in-downtown-yerevan-d106441
554,https://www.estate.am/en/en/2-rooms-apartment-sale-in-downtown-yerevan-d110974
555,https://www.estate.am/en/en/3-rooms-apartment-sale-in-downtown-yerevan-d110975
556,https://www.estate.am/en/en/3-rooms-apartment-sale-in-davtashen-yerevan-d110965
557,https://www.estate.am/en/en/3-rooms-apartment-sale-in-center-yerevan-d110949
558,https://www.estate.am/en/en/2-rooms-apartment-sale-in-kanaker-zeytun-yerevan-d110954
559,https://www.estate.am/en/en/3-rooms-apartment-sale-in-kanaker-zeytun-yerevan-d110955
560,https://www.estate.am/en/en/3-rooms-apartment-sale-in-downtown-yerevan-d110976
561,https://www.estate.am/en/en/3-rooms-apartment-sale-in-arabkir-yerevan-d110981
562,https://www.estate.am/en/en/3-rooms-apartment-sale-in-downtown-yerevan-d110985
563,https://www.estate.am/en/en/2-rooms-apartment-sale-in-downtown-yerevan-d110986
564,https://www.estate.am/en/en/2-rooms-apartment-sale-in-davtashen-yerevan-d108007
565,https://www.estate.am/en/en/2-rooms-apartment-sale-in-downtown-yerevan-d90192
566,https://www.estate.am/en/en/4-rooms-apartment-sale-in-downtown-yerevan-d106036
567,https://www.estate.am/en/en/2-rooms-apartment-sale-in-downtown-yerevan-d106439
568,https://www.estate.am/en/en/3-rooms-apartment-sale-in-downtown-yerevan-d106442
569,https://www.estate.am/en/en/3-rooms-apartment-sale-in-downtown-yerevan-d108267
570,https://www.estate.am/en/en/3-rooms-apartment-sale-in-downtown-yerevan-d106440
571,https://www.estate.am/en/en/4-rooms-apartment-sale-in-arabkir-yerevan-d106620
572,https://www.estate.am/en/en/2-rooms-apartment-sale-in-downtown-yerevan-d106438
573,https://www.estate.am/en/en/2-rooms-apartment-sale-in-kanaker-zeytun-yerevan-d110952
574,https://www.estate.am/en/en/2-rooms-apartment-sale-in-kanaker-zeytun-yerevan-d110953
575,https://www.estate.am/en/en/3-rooms-apartment-sale-in-arabkir-yerevan-d110966
576,https://www.estate.am/en/en/1-rooms-apartment-sale-in-downtown-yerevan-d110967
577,https://www.estate.am/en/en/3-rooms-apartment-sale-in-downtown-yerevan-d110968
578,https://www.estate.am/en/en/4-rooms-apartment-sale-in-downtown-yerevan-d80323
579,https://www.estate.am/en/en/3-rooms-apartment-sale-in-downtown-yerevan-d109150
580,https://www.estate.am/en/en/3-rooms-apartment-sale-in-arabkir-yerevan-d73370
581,https://www.estate.am/en/en/3-rooms-apartment-sale-in-arabkir-yerevan-d78664
582,https://www.estate.am/en/en/4-rooms-apartment-sale-in-downtown-yerevan-d110856
583,https://www.estate.am/en/en/3-rooms-apartment-sale-in-center-yerevan-d110947
584,https://www.estate.am/en/en/3-rooms-apartment-sale-in-arabkir-yerevan-d110930
585,https://www.estate.am/en/en/3-rooms-apartment-sale-in-center-yerevan-d110926
586,https://www.estate.am/en/en/2-rooms-apartment-sale-in-ajapnyak-yerevan-d110928
587,https://www.estate.am/en/en/3-rooms-apartment-sale-in-downtown-yerevan-d110929
588,https://www.estate.am/en/en/3-rooms-apartment-sale-in-downtown-yerevan-d110852
589,https://www.estate.am/en/en/1-rooms-apartment-sale-in-downtown-yerevan-d104729
590,https://www.estate.am/en/en/3-rooms-apartment-sale-in-ajapnyak-yerevan-d110921
591,https://www.estate.am/en/en/4-rooms-apartment-sale-in-downtown-yerevan-d110922
592,https://www.estate.am/en/en/3-rooms-apartment-sale-in-center-yerevan-d110923
593,https://www.estate.am/en/en/3-rooms-apartment-sale-in-center-yerevan-d110924
594,https://www.estate.am/en/en/3-rooms-apartment-sale-in-shengavit-yerevan-d110905
595,https://www.estate.am/en/en/2-rooms-apartment-sale-in-arabkir-yerevan-d110910
596,https://www.estate.am/en/en/3-rooms-apartment-sale-in-downtown-yerevan-d110911
597,https://www.estate.am/en/en/2-rooms-apartment-sale-in-arabkir-yerevan-d110912
598,https://www.estate.am/en/en/3-rooms-apartment-sale-in-downtown-yerevan-d70451
599,https://www.estate.am/en/en/2-rooms-apartment-sale-in-arabkir-yerevan-d110902
600,https://www.estate.am/en/en/1-rooms-apartment-sale-in-arabkir-yerevan-d110903
601,https://www.estate.am/en/en/3-rooms-apartment-sale-in-arabkir-yerevan-d22751
602,https://www.estate.am/en/en/2-rooms-apartment-sale-in-center-yerevan-d110882
603,https://www.estate.am/en/en/3-rooms-apartment-sale-in-arabkir-yerevan-d100719
604,https://www.estate.am/en/en/4-rooms-apartment-sale-in-center-yerevan-d110886
605,https://www.estate.am/en/en/3-rooms-apartment-sale-in-shengavit-yerevan-d110888
606,https://www.estate.am/en/en/4-rooms-apartment-sale-in-malatia-sebastia-yerevan-d90263
607,https://www.estate.am/en/en/4-rooms-apartment-sale-in-arabkir-yerevan-d110872
608,https://www.estate.am/en/en/2-rooms-apartment-sale-in-downtown-yerevan-d107145
609,https://www.estate.am/en/en/2-rooms-apartment-sale-in-davtashen-yerevan-d107419
610,https://www.estate.am/en/en/3-rooms-apartment-sale-in-arabkir-yerevan-d110855
611,https://www.estate.am/en/en/4-rooms-apartment-sale-in-davtashen-yerevan-d110859
612,https://www.estate.am/en/en/1-rooms-apartment-sale-in-avan-yerevan-d110866
613,https://www.estate.am/en/en/1-rooms-apartment-sale-in-avan-yerevan-d110867
614,https://www.estate.am/en/en/3-rooms-apartment-sale-in-center-yerevan-d110868
615,https://www.estate.am/en/en/2-rooms-apartment-sale-in-downtown-yerevan-d105449
616,https://www.estate.am/en/en/4-rooms-apartment-sale-in-davtashen-yerevan-d110810
617,https://www.estate.am/en/en/2-rooms-apartment-sale-in-kanaker-zeytun-yerevan-d110858
618,https://www.estate.am/en/en/3-rooms-apartment-sale-in-downtown-yerevan-d110850
619,https://www.estate.am/en/en/3-rooms-apartment-sale-in-downtown-yerevan-d110851
620,https://www.estate.am/en/en/2-rooms-apartment-sale-in-ajapnyak-yerevan-d110800
621,https://www.estate.am/en/en/3-rooms-apartment-sale-in-erebouni-yerevan-d110039
622,https://www.estate.am/en/en/3-rooms-apartment-sale-in-nor-nork-yerevan-d110799
623,https://www.estate.am/en/en/3-rooms-apartment-sale-in-arabkir-yerevan-d110838
624,https://www.estate.am/en/en/4-rooms-apartment-sale-in-center-yerevan-d110839
625,https://www.estate.am/en/en/4-rooms-apartment-sale-in-center-yerevan-d110840
626,https://www.estate.am/en/en/3-rooms-apartment-sale-in-arabkir-yerevan-d110842
627,https://www.estate.am/en/en/4-rooms-apartment-sale-in-center-yerevan-d110829
628,https://www.estate.am/en/en/2-rooms-apartment-sale-in-center-yerevan-d110830
629,https://www.estate.am/en/en/6-rooms-apartment-sale-in-downtown-yerevan-d106316
630,https://www.estate.am/en/en/10-rooms-apartment-sale-in-downtown-yerevan-d90242
631,https://www.estate.am/en/en/5-rooms-apartment-sale-in-downtown-yerevan-d102650
632,https://www.estate.am/en/en/2-rooms-apartment-sale-in-arabkir-yerevan-d91441
633,https://www.estate.am/en/en/2-rooms-apartment-sale-in-arabkir-yerevan-d102965
634,https://www.estate.am/en/en/4-rooms-apartment-sale-in-arabkir-yerevan-d104002
635,https://www.estate.am/en/en/4-rooms-apartment-sale-in-arabkir-yerevan-d105518
636,https://www.estate.am/en/en/4-rooms-apartment-sale-in-downtown-yerevan-d110828
637,https://www.estate.am/en/en/3-rooms-apartment-sale-in-arabkir-yerevan-d110825
638,https://www.estate.am/en/en/5-rooms-apartment-sale-in-center-yerevan-d106570
639,https://www.estate.am/en/en/2-rooms-apartment-sale-in-downtown-yerevan-d110390
640,https://www.estate.am/en/en/1-rooms-apartment-sale-in-kanaker-zeytun-yerevan-d110739
641,https://www.estate.am/en/en/2-rooms-apartment-sale-in-kanaker-zeytun-yerevan-d110762
642,https://www.estate.am/en/en/2-rooms-apartment-sale-in-kanaker-zeytun-yerevan-d110763
643,https://www.estate.am/en/en/3-rooms-apartment-sale-in-kanaker-zeytun-yerevan-d110764
644,https://www.estate.am/en/en/3-rooms-apartment-sale-in-downtown-yerevan-d110777
645,https://www.estate.am/en/en/2-rooms-apartment-sale-in-downtown-yerevan-d110808
646,https://www.estate.am/en/en/4-rooms-apartment-sale-in-center-yerevan-d110809
647,https://www.estate.am/en/en/3-rooms-apartment-sale-in-kanaker-zeytun-yerevan-d110811
648,https://www.estate.am/en/en/4-rooms-apartment-sale-in-arabkir-yerevan-d110795
649,https://www.estate.am/en/en/4-rooms-apartment-sale-in-arabkir-yerevan-d110753
650,https://www.estate.am/en/en/4-rooms-apartment-sale-in-davtashen-yerevan-d110788
651,https://www.estate.am/en/en/2-rooms-apartment-sale-in-downtown-yerevan-d110789
652,https://www.estate.am/en/en/2-rooms-apartment-sale-in-arabkir-yerevan-d109167
653,https://www.estate.am/en/en/4-rooms-apartment-sale-in-downtown-yerevan-d110750
654,https://www.estate.am/en/en/2-rooms-apartment-sale-in-arabkir-yerevan-d110760
655,https://www.estate.am/en/en/5-rooms-apartment-sale-in-downtown-yerevan-d101198
656,https://www.estate.am/en/en/4-rooms-apartment-sale-in-arabkir-yerevan-d108094
657,https://www.estate.am/en/en/1-rooms-apartment-sale-in-arabkir-yerevan-d110738
658,https://www.estate.am/en/en/4-rooms-apartment-sale-in-downtown-yerevan-d110749
659,https://www.estate.am/en/en/3-rooms-apartment-sale-in-davtashen-yerevan-d110736
660,https://www.estate.am/en/en/3-rooms-apartment-sale-in-arabkir-yerevan-d110741
661,https://www.estate.am/en/en/2-rooms-apartment-sale-in-arabkir-yerevan-d110732
662,https://www.estate.am/en/en/2-rooms-apartment-sale-in-arabkir-yerevan-d110733
663,https://www.estate.am/en/en/5-rooms-apartment-sale-in-downtown-yerevan-d110699
664,https://www.estate.am/en/en/4-rooms-apartment-sale-in-downtown-yerevan-d96744
665,https://www.estate.am/en/en/3-rooms-apartment-sale-in-downtown-yerevan-d110695
666,https://www.estate.am/en/en/2-rooms-apartment-sale-in-downtown-yerevan-d110696
667,https://www.estate.am/en/en/4-rooms-apartment-sale-in-downtown-yerevan-d110697
668,https://www.estate.am/en/en/2-rooms-apartment-sale-in-ajapnyak-yerevan-d110698
669,https://www.estate.am/en/en/1-rooms-apartment-sale-in-downtown-yerevan-d110685
670,https://www.estate.am/en/en/1-rooms-apartment-sale-in-downtown-yerevan-d110680
671,https://www.estate.am/en/en/3-rooms-apartment-sale-in-center-yerevan-d110678
672,https://www.estate.am/en/en/4-rooms-apartment-sale-in-avan-yerevan-d110674
673,https://www.estate.am/en/en/3-rooms-apartment-sale-in-arabkir-yerevan-d106263
674,https://www.estate.am/en/en/5-rooms-apartment-sale-in-downtown-yerevan-d110675
675,https://www.estate.am/en/en/1-rooms-apartment-sale-in-downtown-yerevan-d110676
676,https://www.estate.am/en/en/5-rooms-apartment-sale-in-avan-yerevan-d110679
677,https://www.estate.am/en/en/3-rooms-apartment-sale-in-center-yerevan-d72704
678,https://www.estate.am/en/en/3-rooms-apartment-sale-in-davtashen-yerevan-d110668
679,https://www.estate.am/en/en/2-rooms-apartment-sale-in-downtown-yerevan-d110662
680,https://www.estate.am/en/en/3-rooms-apartment-sale-in-downtown-yerevan-d110663
681,https://www.estate.am/en/en/3-rooms-apartment-sale-in-center-yerevan-d110664
682,https://www.estate.am/en/en/3-rooms-apartment-sale-in-ajapnyak-yerevan-d110665
683,https://www.estate.am/en/en/1-rooms-apartment-sale-in-downtown-yerevan-d110666
684,https://www.estate.am/en/en/3-rooms-apartment-sale-in-center-yerevan-d110667
685,https://www.estate.am/en/en/1-rooms-apartment-sale-in-downtown-yerevan-d110669
686,https://www.estate.am/en/en/3-rooms-apartment-sale-in-kanaker-zeytun-yerevan-d110655
687,https://www.estate.am/en/en/2-rooms-apartment-sale-in-downtown-yerevan-d110640
688,https://www.estate.am/en/en/2-rooms-apartment-sale-in-shengavit-yerevan-d110639
689,https://www.estate.am/en/en/3-rooms-apartment-sale-in-downtown-yerevan-d110628
690,https://www.estate.am/en/en/3-rooms-apartment-sale-in-center-yerevan-d110629
691,https://www.estate.am/en/en/2-rooms-apartment-sale-in-downtown-yerevan-d110631
692,https://www.estate.am/en/en/3-rooms-apartment-sale-in-downtown-yerevan-d110636
693,https://www.estate.am/en/en/3-rooms-apartment-sale-in-nor-nork-yerevan-d107967
694,https://www.estate.am/en/en/3-rooms-apartment-sale-in-downtown-yerevan-d95069
695,https://www.estate.am/en/en/2-rooms-apartment-sale-in-arabkir-yerevan-d106035
696,https://www.estate.am/en/en/5-rooms-apartment-sale-in-downtown-yerevan-d106273
697,https://www.estate.am/en/en/4-rooms-apartment-sale-in-center-yerevan-d102374
698,https://www.estate.am/en/en/3-rooms-apartment-sale-in-center-yerevan-d105748
699,https://www.estate.am/en/en/3-rooms-apartment-sale-in-center-yerevan-d102701
700,https://www.estate.am/en/en/2-rooms-apartment-sale-in-erebouni-yerevan-d110619
701,https://www.estate.am/en/en/2-rooms-apartment-sale-in-downtown-yerevan-d110621
702,https://www.estate.am/en/en/3-rooms-apartment-sale-in-downtown-yerevan-d110624
703,https://www.estate.am/en/en/3-rooms-apartment-sale-in-nor-nork-yerevan-d110604
704,https://www.estate.am/en/en/3-rooms-apartment-sale-in-avan-yerevan-d110605
705,https://www.estate.am/en/en/2-rooms-apartment-sale-in-arabkir-yerevan-d110594
706,https://www.estate.am/en/en/3-rooms-apartment-sale-in-arabkir-yerevan-d110595
707,https://www.estate.am/en/en/4-rooms-apartment-sale-in-downtown-yerevan-d110596
708,https://www.estate.am/en/en/3-rooms-apartment-sale-in-downtown-yerevan-d110597
709,https://www.estate.am/en/en/2-rooms-apartment-sale-in-downtown-yerevan-d110598
710,https://www.estate.am/en/en/4-rooms-apartment-sale-in-arabkir-yerevan-d110591
711,https://www.estate.am/en/en/2-rooms-apartment-sale-in-kanaker-zeytun-yerevan-d110551
712,https://www.estate.am/en/en/3-rooms-apartment-sale-in-downtown-yerevan-d110578
713,https://www.estate.am/en/en/2-rooms-apartment-sale-in-arabkir-yerevan-d110581
714,https://www.estate.am/en/en/3-rooms-apartment-sale-in-center-yerevan-d110583
715,https://www.estate.am/en/en/2-rooms-apartment-sale-in-arabkir-yerevan-d110561
716,https://www.estate.am/en/en/3-rooms-apartment-sale-in-nork-marash-yerevan-d110519
717,https://www.estate.am/en/en/2-rooms-apartment-sale-in-nork-marash-yerevan-d110520
718,https://www.estate.am/en/en/3-rooms-apartment-sale-in-downtown-yerevan-d110517
719,https://www.estate.am/en/en/3-rooms-apartment-sale-in-downtown-yerevan-d110518
720,https://www.estate.am/en/en/2-rooms-apartment-sale-in-arabkir-yerevan-d110559
721,https://www.estate.am/en/en/2-rooms-apartment-sale-in-arabkir-yerevan-d110562
722,https://www.estate.am/en/en/5-rooms-apartment-sale-in-downtown-yerevan-d58629
723,https://www.estate.am/en/en/4-rooms-apartment-sale-in-center-yerevan-d100507
724,https://www.estate.am/en/en/4-rooms-apartment-sale-in-downtown-yerevan-d110468
725,https://www.estate.am/en/en/3-rooms-apartment-sale-in-downtown-yerevan-d107658
726,https://www.estate.am/en/en/4-rooms-apartment-sale-in-arabkir-yerevan-d107639
727,https://www.estate.am/en/en/4-rooms-apartment-sale-in-arabkir-yerevan-d79949
728,https://www.estate.am/en/en/2-rooms-apartment-sale-in-tsaxkadzor-d72192
729,https://www.estate.am/en/en/4-rooms-apartment-sale-in-downtown-yerevan-d110204
730,https://www.estate.am/en/en/6-rooms-apartment-sale-in-arabkir-yerevan-d110113
731,https://www.estate.am/en/en/6-rooms-apartment-sale-in-downtown-yerevan-d110069
732,https://www.estate.am/en/en/3-rooms-apartment-sale-in-downtown-yerevan-d103808
733,https://www.estate.am/en/en/5-rooms-apartment-sale-in-downtown-yerevan-d109927
734,https://www.estate.am/en/en/2-rooms-apartment-sale-in-center-yerevan-d107098
735,https://www.estate.am/en/en/4-rooms-apartment-sale-in-downtown-yerevan-d104926
736,https://www.estate.am/en/en/3-rooms-apartment-sale-in-arabkir-yerevan-d65171
737,https://www.estate.am/en/en/3-rooms-apartment-sale-in-arabkir-yerevan-d98033
738,https://www.estate.am/en/en/1-rooms-apartment-sale-in-arabkir-yerevan-d76782
739,https://www.estate.am/en/en/2-rooms-apartment-sale-in-downtown-yerevan-d64718
740,https://www.estate.am/en/en/3-rooms-apartment-for-rent-in-downtown-yerevan-d82090
741,https://www.estate.am/en/en/2-rooms-apartment-sale-in-downtown-yerevan-d85425
742,https://www.estate.am/en/en/4-rooms-apartment-for-rent-in-downtown-yerevan-d86870
743,https://www.estate.am/en/en/2-rooms-apartment-for-rent-in-downtown-yerevan-d99953
744,https://www.estate.am/en/en/2-rooms-apartment-sale-in-downtown-yerevan-d103779
745,https://www.estate.am/en/en/2-rooms-apartment-for-rent-in-downtown-yerevan-d79133
746,https://www.estate.am/en/en/5-rooms-apartment-for-rent-in-downtown-yerevan-d81638
747,https://www.estate.am/en/en/2-rooms-apartment-for-rent-in-downtown-yerevan-d105911
748,https://www.estate.am/en/en/4-rooms-apartment-for-rent-in-downtown-yerevan-d105993
749,https://www.estate.am/en/en/4-rooms-apartment-for-rent-in-downtown-yerevan-d99470
750,https://www.estate.am/en/en/4-rooms-apartment-for-rent-in-downtown-yerevan-d99521
751,https://www.estate.am/en/en/3-rooms-apartment-for-rent-in-downtown-yerevan-d82021
752,https://www.estate.am/en/en/4-rooms-apartment-sale-in-downtown-yerevan-d83074
753,https://www.estate.am/en/en/4-rooms-apartment-for-rent-in-downtown-yerevan-d83934
754,https://www.estate.am/en/en/3-rooms-apartment-for-rent-in-downtown-yerevan-d91413
755,https://www.estate.am/en/en/3-rooms-apartment-for-rent-in-downtown-yerevan-d91865
756,https://www.estate.am/en/en/3-rooms-apartment-for-rent-in-downtown-yerevan-d81181
757,https://www.estate.am/en/en/3-rooms-apartment-for-rent-in-downtown-yerevan-d83457
758,https://www.estate.am/en/en/3-rooms-apartment-for-rent-in-downtown-yerevan-d85156
759,https://www.estate.am/en/en/4-rooms-apartment-for-rent-in-downtown-yerevan-d85825
760,https://www.estate.am/en/en/5-rooms-apartment-for-rent-in-downtown-yerevan-d89522
761,https://www.estate.am/en/en/4-rooms-apartment-for-rent-in-downtown-yerevan-d90886
762,https://www.estate.am/en/en/4-rooms-apartment-for-rent-in-center-yerevan-d109392
763,https://www.estate.am/en/en/3-rooms-apartment-for-rent-in-downtown-yerevan-d79231
764,https://www.estate.am/en/en/2-rooms-apartment-for-rent-in-downtown-yerevan-d96415
765,https://www.estate.am/en/en/4-rooms-apartment-for-rent-in-downtown-yerevan-d97534
766,https://www.estate.am/en/en/3-rooms-apartment-for-rent-in-downtown-yerevan-d98216
767,https://www.estate.am/en/en/3-rooms-apartment-for-rent-in-downtown-yerevan-d99197
768,https://www.estate.am/en/en/3-rooms-apartment-for-rent-in-downtown-yerevan-d99693
769,https://www.estate.am/en/en/4-rooms-apartment-for-rent-in-downtown-yerevan-d99789
770,https://www.estate.am/en/en/4-rooms-apartment-for-rent-in-downtown-yerevan-d109366
771,https://www.estate.am/en/en/3-rooms-apartment-for-rent-in-downtown-yerevan-d111352
772,https://www.estate.am/en/en/3-rooms-apartment-for-rent-in-downtown-yerevan-d104656
773,https://www.estate.am/en/en/3-rooms-apartment-for-rent-in-davtashen-yerevan-d103355
774,https://www.estate.am/en/en/3-rooms-apartment-for-rent-in-downtown-yerevan-d110474
775,https://www.estate.am/en/en/2-rooms-apartment-for-rent-in-downtown-yerevan-d110577
776,https://www.estate.am/en/en/4-rooms-apartment-sale-in-downtown-yerevan-d110749
777,https://www.estate.am/en/en/2-rooms-apartment-sale-in-arabkir-yerevan-d110125
778,https://www.estate.am/en/en/3-rooms-apartment-sale-in-arabkir-yerevan-d85050
779,https://www.estate.am/en/en/4-rooms-apartment-sale-in-arabkir-yerevan-d110226
780,https://www.estate.am/en/en/3-rooms-apartment-for-rent-in-downtown-yerevan-d95886
781,https://www.estate.am/en/en/5-rooms-apartment-for-rent-in-downtown-yerevan-d109697
782,https://www.estate.am/en/en/3-rooms-apartment-for-rent-in-downtown-yerevan-d109875
783,https://www.estate.am/en/en/4-rooms-apartment-for-rent-in-downtown-yerevan-d9869
784,https://www.estate.am/en/en/4-rooms-apartment-for-rent-in-downtown-yerevan-d13316
785,https://www.estate.am/en/en/3-rooms-apartment-for-rent-in-downtown-yerevan-d62564
786,https://www.estate.am/en/en/2-rooms-apartment-for-rent-in-downtown-yerevan-d47265
787,https://www.estate.am/en/en/3-rooms-apartment-for-rent-in-downtown-yerevan-d85191
788,https://www.estate.am/en/en/3-rooms-apartment-for-rent-in-downtown-yerevan-d98036
789,https://www.estate.am/en/en/3-rooms-apartment-for-rent-in-downtown-yerevan-d88495
790,https://www.estate.am/en/en/3-rooms-apartment-for-rent-in-downtown-yerevan-d77090
791,https://www.estate.am/en/en/1-rooms-apartment-for-rent-in-downtown-yerevan-d102355
792,https://www.estate.am/en/en/4-rooms-apartment-sale-in-downtown-yerevan-d104990
793,https://www.estate.am/en/en/4-rooms-apartment-sale-in-downtown-yerevan-d97999
794,https://www.estate.am/en/en/2-rooms-apartment-for-rent-in-downtown-yerevan-d94441
795,https://www.estate.am/en/en/2-rooms-apartment-sale-in-downtown-yerevan-d107145
796,https://www.estate.am/en/en/3-rooms-apartment-for-rent-in-downtown-yerevan-d109410
797,https://www.estate.am/en/en/1-rooms-apartment-sale-in-downtown-yerevan-d110295
798,https://www.estate.am/en/en/2-rooms-apartment-for-rent-in-ajapnyak-yerevan-d111298
799,https://www.estate.am/en/en/4-rooms-apartment-for-rent-in-yerevan-d54413
800,https://www.estate.am/en/en/4-rooms-apartment-for-rent-in-downtown-yerevan-d85826
801,https://www.estate.am/en/en/3-rooms-apartment-for-rent-in-downtown-yerevan-d104107
802,https://www.estate.am/en/en/3-rooms-apartment-for-rent-in-downtown-yerevan-d47261
803,https://www.estate.am/en/en/3-rooms-apartment-for-rent-in-downtown-yerevan-d103671
804,https://www.estate.am/en/en/2-rooms-apartment-for-rent-in-downtown-yerevan-d72428
805,https://www.estate.am/en/en/1-rooms-apartment-for-rent-in-downtown-yerevan-d91282
806,https://www.estate.am/en/en/4-rooms-apartment-for-rent-in-downtown-yerevan-d94457
807,https://www.estate.am/en/en/2-rooms-apartment-for-rent-in-downtown-yerevan-d95623
808,https://www.estate.am/en/en/3-rooms-apartment-for-rent-in-downtown-yerevan-d97592
809,https://www.estate.am/en/en/3-rooms-apartment-sale-in-downtown-yerevan-d111337
810,https://www.estate.am/en/en/4-rooms-apartment-for-rent-in-downtown-yerevan-d110016
811,https://www.estate.am/en/en/3-rooms-apartment-sale-in-arabkir-yerevan-d22751
812,https://www.estate.am/en/en/4-rooms-apartment-for-rent-in-downtown-yerevan-d109715
813,https://www.estate.am/en/en/4-rooms-apartment-for-rent-in-center-yerevan-d111016
814,https://www.estate.am/en/en/2-rooms-apartment-sale-in-downtown-yerevan-d102918
815,https://www.estate.am/en/en/2-rooms-apartment-sale-in-downtown-yerevan-d98281
816,https://www.estate.am/en/en/1-rooms-apartment-sale-in-downtown-yerevan-d97606
817,https://www.estate.am/en/en/3-rooms-apartment-sale-in-center-yerevan-d101878
818,https://www.estate.am/en/en/2-rooms-apartment-sale-in-downtown-yerevan-d107492
819,https://www.estate.am/en/en/5-rooms-apartment-sale-in-downtown-yerevan-d110542
820,https://www.estate.am/en/en/2-rooms-apartment-for-rent-in-downtown-yerevan-d99099
821,https://www.estate.am/en/en/3-rooms-apartment-for-rent-in-downtown-yerevan-d83034
822,https://www.estate.am/en/en/2-rooms-apartment-for-rent-in-downtown-yerevan-d86405
823,https://www.estate.am/en/en/2-rooms-apartment-for-rent-in-downtown-yerevan-d93489
824,https://www.estate.am/en/en/2-rooms-apartment-for-rent-in-center-yerevan-d101518
825,https://www.estate.am/en/en/2-rooms-apartment-sale-in-downtown-yerevan-d104120
826,https://www.estate.am/en/en/2-rooms-apartment-for-rent-in-downtown-yerevan-d104489
827,https://www.estate.am/en/en/4-rooms-apartment-for-rent-in-downtown-yerevan-d107404
828,https://www.estate.am/en/en/3-rooms-apartment-for-rent-in-downtown-yerevan-d108176
829,https://www.estate.am/en/en/2-rooms-apartment-sale-in-center-yerevan-d93999
830,https://www.estate.am/en/en/2-rooms-apartment-for-rent-in-center-yerevan-d108584
831,https://www.estate.am/en/en/3-rooms-apartment-sale-in-downtown-yerevan-d110507
832,https://www.estate.am/en/en/3-rooms-apartment-sale-in-downtown-yerevan-d78774
833,https://www.estate.am/en/en/4-rooms-apartment-for-rent-in-downtown-yerevan-d85015
834,https://www.estate.am/en/en/3-rooms-apartment-sale-in-downtown-yerevan-d107306
835,https://www.estate.am/en/en/4-rooms-apartment-sale-in-downtown-yerevan-d109151
836,https://www.estate.am/en/en/3-rooms-apartment-for-rent-in-downtown-yerevan-d109532
837,https://www.estate.am/en/en/2-rooms-apartment-for-rent-in-downtown-yerevan-d104552
838,https://www.estate.am/en/en/1-rooms-apartment-for-rent-in-downtown-yerevan-d1047
839,https://www.estate.am/en/en/3-rooms-apartment-for-rent-in-downtown-yerevan-d103912
840,https://www.estate.am/en/en/2-rooms-apartment-for-rent-in-center-yerevan-d105024
841,https://www.estate.am/en/en/3-rooms-apartment-for-rent-in-downtown-yerevan-d93413
842,https://www.estate.am/en/en/2-rooms-apartment-for-rent-in-downtown-yerevan-d54838
843,https://www.estate.am/en/en/3-rooms-apartment-sale-in-arabkir-yerevan-d103142
844,https://www.estate.am/en/en/3-rooms-apartment-sale-in-arabkir-yerevan-d81978
845,https://www.estate.am/en/en/3-rooms-apartment-sale-in-arabkir-yerevan-d81099
846,https://www.estate.am/en/en/3-rooms-apartment-sale-in-arabkir-yerevan-d93251
847,https://www.estate.am/en/en/3-rooms-apartment-sale-in-arabkir-yerevan-d100113
848,https://www.estate.am/en/en/3-rooms-apartment-sale-in-kanaker-zeytun-yerevan-d110900
849,https://www.estate.am/en/en/2-rooms-apartment-for-rent-in-downtown-yerevan-d103745
850,https://www.estate.am/en/en/4-rooms-apartment-for-rent-in-downtown-yerevan-d72753
851,https://www.estate.am/en/en/3-rooms-apartment-for-rent-in-downtown-yerevan-d84812
852,https://www.estate.am/en/en/2-rooms-apartment-for-rent-in-arabkir-yerevan-d94513
853,https://www.estate.am/en/en/4-rooms-apartment-for-rent-in-downtown-yerevan-d99359
854,https://www.estate.am/en/en/2-rooms-apartment-sale-in-downtown-yerevan-d71631
855,https://www.estate.am/en/en/5-rooms-apartment-sale-in-downtown-yerevan-d110675
856,https://www.estate.am/en/en/3-rooms-apartment-for-rent-in-downtown-yerevan-d92202
857,https://www.estate.am/en/en/4-rooms-apartment-sale-in-downtown-yerevan-d64408
858,https://www.estate.am/en/en/2-rooms-apartment-sale-in-downtown-yerevan-d109621
859,https://www.estate.am/en/en/3-rooms-apartment-for-rent-in-kanaker-zeytun-yerevan-d109590
860,https://www.estate.am/en/en/4-rooms-apartment-for-rent-in-downtown-yerevan-d111292
861,https://www.estate.am/en/en/4-rooms-apartment-sale-in-center-yerevan-d111308
862,https://www.estate.am/en/en/4-rooms-apartment-for-rent-in-downtown-yerevan-d111307
863,https://www.estate.am/en/en/4-rooms-apartment-for-rent-in-downtown-yerevan-d108047
864,https://www.estate.am/en/en/4-rooms-apartment-for-rent-in-arabkir-yerevan-d109685
865,https://www.estate.am/en/en/2-rooms-apartment-for-rent-in-downtown-yerevan-d109233
866,https://www.estate.am/en/en/3-rooms-apartment-sale-in-downtown-yerevan-d106660
867,https://www.estate.am/en/en/2-rooms-apartment-for-rent-in-downtown-yerevan-d107216
868,https://www.estate.am/en/en/3-rooms-apartment-for-rent-in-arabkir-yerevan-d109289
869,https://www.estate.am/en/en/3-rooms-apartment-for-rent-in-downtown-yerevan-d110569
870,https://www.estate.am/en/en/3-rooms-apartment-sale-in-downtown-yerevan-d110588
871,https://www.estate.am/en/en/5-rooms-apartment-for-rent-in-downtown-yerevan-d110761
872,https://www.estate.am/en/en/3-rooms-apartment-for-rent-in-downtown-yerevan-d108972
873,https://www.estate.am/en/en/4-rooms-apartment-for-rent-in-center-yerevan-d110082
874,https://www.estate.am/en/en/4-rooms-apartment-for-rent-in-downtown-yerevan-d108939
875,https://www.estate.am/en/en/3-rooms-apartment-sale-in-davtashen-yerevan-d107603
876,https://www.estate.am/en/en/3-rooms-apartment-for-rent-in-downtown-yerevan-d39425
877,https://www.estate.am/en/en/4-rooms-apartment-for-rent-in-downtown-yerevan-d93469
878,https://www.estate.am/en/en/3-rooms-apartment-for-rent-in-downtown-yerevan-d111312
879,https://www.estate.am/en/en/4-rooms-apartment-for-rent-in-downtown-yerevan-d85714
880,https://www.estate.am/en/en/3-rooms-apartment-for-rent-in-downtown-yerevan-d100908
881,https://www.estate.am/en/en/3-rooms-apartment-for-rent-in-downtown-yerevan-d102776
882,https://www.estate.am/en/en/2-rooms-apartment-for-rent-in-downtown-yerevan-d82438
883,https://www.estate.am/en/en/3-rooms-apartment-for-rent-in-downtown-yerevan-d84619
884,https://www.estate.am/en/en/3-rooms-apartment-for-rent-in-downtown-yerevan-d85484
885,https://www.estate.am/en/en/2-rooms-apartment-for-rent-in-downtown-yerevan-d90703
886,https://www.estate.am/en/en/2-rooms-apartment-for-rent-in-downtown-yerevan-d94632
887,https://www.estate.am/en/en/4-rooms-apartment-for-rent-in-downtown-yerevan-d100716
888,https://www.estate.am/en/en/3-rooms-apartment-for-rent-in-downtown-yerevan-d90767
889,https://www.estate.am/en/en/4-rooms-apartment-for-rent-in-downtown-yerevan-d97285
890,https://www.estate.am/en/en/3-rooms-apartment-for-rent-in-downtown-yerevan-d98965
891,https://www.estate.am/en/en/4-rooms-apartment-for-rent-in-downtown-yerevan-d100253
892,https://www.estate.am/en/en/3-rooms-apartment-for-rent-in-downtown-yerevan-d104618
893,https://www.estate.am/en/en/4-rooms-apartment-for-rent-in-downtown-yerevan-d84982
894,https://www.estate.am/en/en/3-rooms-apartment-for-rent-in-downtown-yerevan-d87925
895,https://www.estate.am/en/en/3-rooms-apartment-for-rent-in-downtown-yerevan-d82538
896,https://www.estate.am/en/en/3-rooms-apartment-for-rent-in-downtown-yerevan-d108048
897,https://www.estate.am/en/en/4-rooms-apartment-for-rent-in-downtown-yerevan-d95558
898,https://www.estate.am/en/en/4-rooms-apartment-for-rent-in-downtown-yerevan-d107353
899,https://www.estate.am/en/en/4-rooms-apartment-sale-in-downtown-yerevan-d110500
900,https://www.estate.am/en/en/3-rooms-apartment-for-rent-in-downtown-yerevan-d82090
901,https://www.estate.am/en/en/4-rooms-apartment-for-rent-in-downtown-yerevan-d86870
902,https://www.estate.am/en/en/2-rooms-apartment-for-rent-in-downtown-yerevan-d79133
903,https://www.estate.am/en/en/5-rooms-apartment-for-rent-in-downtown-yerevan-d81638
904,https://www.estate.am/en/en/4-rooms-apartment-for-rent-in-downtown-yerevan-d99470
905,https://www.estate.am/en/en/3-rooms-apartment-for-rent-in-downtown-yerevan-d82021
906,https://www.estate.am/en/en/3-rooms-apartment-for-rent-in-downtown-yerevan-d91413
907,https://www.estate.am/en/en/3-rooms-apartment-for-rent-in-downtown-yerevan-d81181
908,https://www.estate.am/en/en/3-rooms-apartment-for-rent-in-downtown-yerevan-d83457
909,https://www.estate.am/en/en/3-rooms-apartment-for-rent-in-downtown-yerevan-d85156
910,https://www.estate.am/en/en/5-rooms-apartment-for-rent-in-downtown-yerevan-d89522
911,https://www.estate.am/en/en/3-rooms-apartment-for-rent-in-downtown-yerevan-d79231
912,https://www.estate.am/en/en/1-rooms-apartment-for-rent-in-downtown-yerevan-d77474
913,https://www.estate.am/en/en/4-rooms-apartment-for-rent-in-downtown-yerevan-d9869
914,https://www.estate.am/en/en/4-rooms-apartment-for-rent-in-downtown-yerevan-d13316
915,https://www.estate.am/en/en/3-rooms-apartment-for-rent-in-downtown-yerevan-d62564
916,https://www.estate.am/en/en/2-rooms-apartment-for-rent-in-downtown-yerevan-d47265
917,https://www.estate.am/en/en/3-rooms-apartment-for-rent-in-downtown-yerevan-d85191
918,https://www.estate.am/en/en/3-rooms-apartment-for-rent-in-downtown-yerevan-d98036
919,https://www.estate.am/en/en/3-rooms-apartment-for-rent-in-downtown-yerevan-d88495
920,https://www.estate.am/en/en/3-rooms-apartment-for-rent-in-downtown-yerevan-d88501
921,https://www.estate.am/en/en/3-rooms-apartment-for-rent-in-center-yerevan-d110525
922,https://www.estate.am/en/en/3-rooms-apartment-for-rent-in-downtown-yerevan-d88501
923,https://www.estate.am/en/en/3-rooms-apartment-sale-in-center-yerevan-d111338
924,https://www.estate.am/en/en/2-rooms-apartment-sale-in-downtown-yerevan-d111258
925,https://www.estate.am/en/en/2-rooms-apartment-for-rent-in-downtown-yerevan-d110813
926,https://www.estate.am/en/en/3-rooms-apartment-for-rent-in-downtown-yerevan-d111358
927,https://www.estate.am/en/en/3-rooms-apartment-for-rent-in-downtown-yerevan-d108678
928,https://www.estate.am/en/en/3-rooms-apartment-for-rent-in-center-yerevan-d102727
929,https://www.estate.am/en/en/1-rooms-apartment-for-rent-in-nor-nork-yerevan-d42105
930,https://www.estate.am/en/en/3-rooms-apartment-for-rent-in-downtown-yerevan-d93934
931,https://www.estate.am/en/en/3-rooms-apartment-for-rent-in-downtown-yerevan-d107089
932,https://www.estate.am/en/en/3-rooms-apartment-for-rent-in-downtown-yerevan-d109176
933,https://www.estate.am/en/en/2-rooms-apartment-for-rent-in-arabkir-yerevan-d88597
934,https://www.estate.am/en/en/1-rooms-apartment-for-rent-in-arabkir-yerevan-d109498
935,https://www.estate.am/en/en/2-rooms-apartment-for-rent-in-downtown-yerevan-d108219
936,https://www.estate.am/en/en/5-rooms-apartment-for-rent-in-downtown-yerevan-d88641
937,https://www.estate.am/en/en/5-rooms-apartment-for-rent-in-downtown-yerevan-d93189
938,https://www.estate.am/en/en/3-rooms-apartment-for-rent-in-downtown-yerevan-d62080
939,https://www.estate.am/en/en/2-rooms-apartment-for-rent-in-downtown-yerevan-d94524
940,https://www.estate.am/en/en/2-rooms-apartment-for-rent-in-downtown-yerevan-d109414
941,https://www.estate.am/en/en/4-rooms-apartment-for-rent-in-downtown-yerevan-d110816
942,https://www.estate.am/en/en/2-rooms-apartment-for-rent-in-arabkir-yerevan-d77807
943,https://www.estate.am/en/en/2-rooms-apartment-sale-in-downtown-yerevan-d98605
944,https://www.estate.am/en/en/3-rooms-apartment-sale-in-center-yerevan-d92923
945,https://www.estate.am/en/en/3-rooms-apartment-sale-in-downtown-yerevan-d99661
946,https://www.estate.am/en/en/2-rooms-apartment-sale-in-downtown-yerevan-d103128
947,https://www.estate.am/en/en/2-rooms-apartment-sale-in-downtown-yerevan-d96959
948,https://www.estate.am/en/en/2-rooms-apartment-sale-in-downtown-yerevan-d97840
949,https://www.estate.am/en/en/2-rooms-apartment-sale-in-downtown-yerevan-d98280
950,https://www.estate.am/en/en/2-rooms-apartment-sale-in-downtown-yerevan-d98605
951,https://www.estate.am/en/en/2-rooms-apartment-sale-in-downtown-yerevan-d96959
952,https://www.estate.am/en/en/2-rooms-apartment-sale-in-downtown-yerevan-d97840
953,https://www.estate.am/en/en/2-rooms-apartment-sale-in-downtown-yerevan-d98280
954,https://www.estate.am/en/en/2-rooms-apartment-sale-in-downtown-yerevan-d97840
955,https://www.estate.am/en/en/2-rooms-apartment-sale-in-downtown-yerevan-d98280
956,https://www.estate.am/en/en/3-rooms-apartment-sale-in-downtown-yerevan-d99633
957,https://www.estate.am/en/en/2-rooms-apartment-sale-in-downtown-yerevan-d111370
958,https://www.estate.am/en/en/2-rooms-apartment-sale-in-nor-nork-yerevan-d111371
959,https://www.estate.am/en/en/2-rooms-apartment-sale-in-center-yerevan-d96561
960,https://www.estate.am/en/en/2-rooms-apartment-sale-in-downtown-yerevan-d103100
961,https://www.estate.am/en/en/3-rooms-apartment-sale-in-downtown-yerevan-d99633
962,https://www.estate.am/en/en/3-rooms-apartment-for-rent-in-downtown-yerevan-d99287
963,https://www.estate.am/en/en/4-rooms-apartment-for-rent-in-downtown-yerevan-d47256
964,https://www.estate.am/en/en/2-rooms-apartment-for-rent-in-downtown-yerevan-d57278
965,https://www.estate.am/en/en/2-rooms-apartment-for-rent-in-downtown-yerevan-d78776
966,https://www.estate.am/en/en/3-rooms-apartment-for-rent-in-downtown-yerevan-d99303
967,https://www.estate.am/en/en/4-rooms-apartment-for-rent-in-downtown-yerevan-d101474
968,https://www.estate.am/en/en/3-rooms-apartment-for-rent-in-downtown-yerevan-d110791
969,https://www.estate.am/en/en/2-rooms-apartment-for-rent-in-arabkir-yerevan-d72073
970,https://www.estate.am/en/en/1-rooms-apartment-for-rent-in-arabkir-yerevan-d76442
971,https://www.estate.am/en/en/2-rooms-apartment-for-rent-in-arabkir-yerevan-d80976
972,https://www.estate.am/en/en/2-rooms-apartment-for-rent-in-downtown-yerevan-d108978
973,https://www.estate.am/en/en/3-rooms-apartment-for-rent-in-downtown-yerevan-d101288
974,https://www.estate.am/en/en/3-rooms-apartment-for-rent-in-downtown-yerevan-d104222
975,https://www.estate.am/en/en/3-rooms-apartment-for-rent-in-downtown-yerevan-d82800
976,https://www.estate.am/en/en/3-rooms-apartment-for-rent-in-downtown-yerevan-d85752
977,https://www.estate.am/en/en/2-rooms-apartment-for-rent-in-downtown-yerevan-d109603
978,https://www.estate.am/en/en/3-rooms-apartment-for-rent-in-center-yerevan-d87051
979,https://www.estate.am/en/en/3-rooms-apartment-for-rent-in-downtown-yerevan-d109602
980,https://www.estate.am/en/en/2-rooms-apartment-for-rent-in-downtown-yerevan-d104119
981,https://www.estate.am/en/en/3-rooms-apartment-for-rent-in-downtown-yerevan-d107338
982,https://www.estate.am/en/en/2-rooms-apartment-for-rent-in-arabkir-yerevan-d98260
983,https://www.estate.am/en/en/2-rooms-apartment-for-rent-in-arabkir-yerevan-d74018
984,https://www.estate.am/en/en/2-rooms-apartment-for-rent-in-center-yerevan-d83293
985,https://www.estate.am/en/en/2-rooms-apartment-for-rent-in-downtown-yerevan-d76580
986,https://www.estate.am/en/en/3-rooms-apartment-for-rent-in-downtown-yerevan-d81462
987,https://www.estate.am/en/en/2-rooms-apartment-for-rent-in-downtown-yerevan-d91281
988,https://www.estate.am/en/en/3-rooms-apartment-for-rent-in-downtown-yerevan-d91283
989,https://www.estate.am/en/en/3-rooms-apartment-for-rent-in-downtown-yerevan-d92779
990,https://www.estate.am/en/en/3-rooms-apartment-for-rent-in-downtown-yerevan-d94395
991,https://www.estate.am/en/en/4-rooms-apartment-for-rent-in-downtown-yerevan-d102139
992,https://www.estate.am/en/en/2-rooms-apartment-for-rent-in-downtown-yerevan-d111283
993,https://www.estate.am/en/en/2-rooms-apartment-for-rent-in-downtown-yerevan-d111267
994,https://www.estate.am/en/en/3-rooms-apartment-sale-in-downtown-yerevan-d99633
995,https://www.estate.am/en/en/3-rooms-apartment-for-rent-in-downtown-yerevan-d99287
996,https://www.estate.am/en/en/4-rooms-apartment-for-rent-in-downtown-yerevan-d47256
997,https://www.estate.am/en/en/2-rooms-apartment-for-rent-in-downtown-yerevan-d57278
998,https://www.estate.am/en/en/2-rooms-apartment-for-rent-in-downtown-yerevan-d78776
999,https://www.estate.am/en/en/3-rooms-apartment-for-rent-in-downtown-yerevan-d99303
1000,https://www.estate.am/en/en/2-rooms-apartment-sale-in-downtown-yerevan-d111359
1001,https://www.estate.am/en/en/3-rooms-apartment-sale-in-downtown-yerevan-d111345
1002,https://www.estate.am/en/en/3-rooms-apartment-sale-in-nor-nork-yerevan-d111372
1003,https://www.estate.am/en/en/2-rooms-apartment-for-rent-in-downtown-yerevan-d45003
1004,https://www.estate.am/en/en/2-rooms-apartment-for-rent-in-downtown-yerevan-d109742
1005,https://www.estate.am/en/en/4-rooms-apartment-for-rent-in-downtown-yerevan-d111362
1006,https://www.estate.am/en/en/3-rooms-apartment-sale-in-downtown-yerevan-d111345
1007,https://www.estate.am/en/en/2-rooms-apartment-sale-in-arabkir-yerevan-d98805
1008,https://www.estate.am/en/en/2-rooms-apartment-for-rent-in-arabkir-yerevan-d111369
1009,https://www.estate.am/en/en/2-rooms-apartment-for-rent-in-center-yerevan-d111368
1010,https://www.estate.am/en/en/2-rooms-apartment-for-rent-in-downtown-yerevan-d111367
1011,https://www.estate.am/en/en/2-rooms-apartment-for-rent-in-downtown-yerevan-d111366
1012,https://www.estate.am/en/en/2-rooms-apartment-sale-in-arabkir-yerevan-d98805
1013,https://www.estate.am/en/en/3-rooms-apartment-for-rent-in-center-yerevan-d111114
1014,https://www.estate.am/en/en/2-rooms-apartment-for-rent-in-davtashen-yerevan-d111365
1015,https://www.estate.am/en/en/3-rooms-apartment-for-rent-in-davtashen-yerevan-d111364
1016,https://www.estate.am/en/en/4-rooms-apartment-sale-in-center-yerevan-d101939
1017,https://www.estate.am/en/en/2-rooms-apartment-for-rent-in-center-yerevan-d109161
1018,https://www.estate.am/en/en/2-rooms-apartment-for-rent-in-downtown-yerevan-d111363
1019,https://www.estate.am/en/en/4-rooms-apartment-for-rent-in-downtown-yerevan-d93904
1020,https://www.estate.am/en/en/6-rooms-apartment-for-rent-in-downtown-yerevan-d3042
1021,https://www.estate.am/en/en/4-rooms-apartment-for-rent-in-downtown-yerevan-d109656
1022,https://www.estate.am/en/en/1-rooms-apartment-for-rent-in-arabkir-yerevan-d29901
1023,https://www.estate.am/en/en/2-rooms-apartment-for-rent-in-downtown-yerevan-d62563
1024,https://www.estate.am/en/en/2-rooms-apartment-for-rent-in-downtown-yerevan-d78594
1025,https://www.estate.am/en/en/4-rooms-apartment-for-rent-in-downtown-yerevan-d36323
1026,https://www.estate.am/en/en/2-rooms-apartment-for-rent-in-downtown-yerevan-d99036
1027,https://www.estate.am/en/en/3-rooms-apartment-for-rent-in-downtown-yerevan-d97201
1028,https://www.estate.am/en/en/4-rooms-apartment-for-rent-in-downtown-yerevan-d104465
1029,https://www.estate.am/en/en/2-rooms-apartment-for-rent-in-downtown-yerevan-d98069
1030,https://www.estate.am/en/en/1-rooms-apartment-for-rent-in-downtown-yerevan-d109975
1031,https://www.estate.am/en/en/3-rooms-apartment-for-rent-in-downtown-yerevan-d93935
1032,https://www.estate.am/en/en/3-rooms-apartment-for-rent-in-downtown-yerevan-d111194
1033,https://www.estate.am/en/en/2-rooms-apartment-for-rent-in-downtown-yerevan-d111195
1034,https://www.estate.am/en/en/4-rooms-apartment-for-rent-in-downtown-yerevan-d82583
1035,https://www.estate.am/en/en/2-rooms-apartment-for-rent-in-downtown-yerevan-d101619
1036,https://www.estate.am/en/en/2-rooms-apartment-sale-in-nor-nork-yerevan-d111378
1037,https://www.estate.am/en/en/4-rooms-apartment-sale-in-center-yerevan-d111373
1038,https://www.estate.am/en/en/3-rooms-apartment-sale-in-center-yerevan-d93526
1039,https://www.estate.am/en/en/4-rooms-apartment-sale-in-center-yerevan-d104490
1040,https://www.estate.am/en/en/3-rooms-apartment-sale-in-center-yerevan-d106555
1041,https://www.estate.am/en/en/4-rooms-apartment-sale-in-nor-nork-yerevan-d110568
1042,https://www.estate.am/en/en/2-rooms-apartment-sale-in-downtown-yerevan-d110087
1043,https://www.estate.am/en/en/4-rooms-apartment-sale-in-kanaker-zeytun-yerevan-d111383
1044,https://www.estate.am/en/en/2-rooms-apartment-for-rent-in-downtown-yerevan-d93585
1045,https://www.estate.am/en/en/3-rooms-apartment-for-rent-in-downtown-yerevan-d93655
1046,https://www.estate.am/en/en/2-rooms-apartment-for-rent-in-downtown-yerevan-d105609
1047,https://www.estate.am/en/en/3-rooms-apartment-sale-in-center-yerevan-d106555
1048,https://www.estate.am/en/en/2-rooms-apartment-sale-in-downtown-yerevan-d110087
1049,https://www.estate.am/en/en/1-rooms-apartment-for-rent-in-downtown-yerevan-d107434
1050,https://www.estate.am/en/en/3-rooms-apartment-for-rent-in-downtown-yerevan-d111381
1051,https://www.estate.am/en/en/2-rooms-apartment-for-rent-in-downtown-yerevan-d104984
1052,https://www.estate.am/en/en/3-rooms-apartment-for-rent-in-downtown-yerevan-d98817
1053,https://www.estate.am/en/en/2-rooms-apartment-for-rent-in-downtown-yerevan-d109644
1054,https://www.estate.am/en/en/2-rooms-apartment-for-rent-in-downtown-yerevan-d62558
1055,https://www.estate.am/en/en/3-rooms-apartment-for-rent-in-downtown-yerevan-d78595
1056,https://www.estate.am/en/en/3-rooms-apartment-for-rent-in-avan-yerevan-d69036
1057,https://www.estate.am/en/en/4-rooms-apartment-for-rent-in-downtown-yerevan-d108749
1058,https://www.estate.am/en/en/3-rooms-apartment-for-rent-in-downtown-yerevan-d103916
1059,https://www.estate.am/en/en/2-rooms-apartment-for-rent-in-downtown-yerevan-d93585
1060,https://www.estate.am/en/en/3-rooms-apartment-for-rent-in-downtown-yerevan-d93655
1061,https://www.estate.am/en/en/2-rooms-apartment-for-rent-in-downtown-yerevan-d105609
1062,https://www.estate.am/en/en/1-rooms-apartment-for-rent-in-downtown-yerevan-d107434
1063,https://www.estate.am/en/en/3-rooms-apartment-sale-in-downtown-yerevan-d95588
1064,https://www.estate.am/en/en/2-rooms-apartment-sale-in-downtown-yerevan-d110543
1065,https://www.estate.am/en/en/3-rooms-apartment-sale-in-downtown-yerevan-d95588
1066,https://www.estate.am/en/en/2-rooms-apartment-sale-in-downtown-yerevan-d110543
1067,https://www.estate.am/en/en/5-rooms-apartment-for-rent-in-downtown-yerevan-d92974
1068,https://www.estate.am/en/en/3-rooms-apartment-for-rent-in-downtown-yerevan-d111249
1069,https://www.estate.am/en/en/3-rooms-apartment-for-rent-in-downtown-yerevan-d83392
1070,https://www.estate.am/en/en/3-rooms-apartment-for-rent-in-downtown-yerevan-d110650
1071,https://www.estate.am/en/en/3-rooms-apartment-for-rent-in-downtown-yerevan-d111200
1072,https://www.estate.am/en/en/3-rooms-apartment-for-rent-in-downtown-yerevan-d111214
1073,https://www.estate.am/en/en/5-rooms-apartment-for-rent-in-downtown-yerevan-d92974
1074,https://www.estate.am/en/en/3-rooms-apartment-for-rent-in-downtown-yerevan-d111249
1075,https://www.estate.am/en/en/3-rooms-apartment-for-rent-in-downtown-yerevan-d83392
1076,https://www.estate.am/en/en/3-rooms-apartment-for-rent-in-downtown-yerevan-d110650
1077,https://www.estate.am/en/en/3-rooms-apartment-for-rent-in-downtown-yerevan-d111214
1078,https://www.estate.am/en/en/3-rooms-apartment-sale-in-downtown-yerevan-d103856
1079,https://www.estate.am/en/en/3-rooms-apartment-sale-in-downtown-yerevan-d89823
1080,https://www.estate.am/en/en/3-rooms-apartment-sale-in-downtown-yerevan-d94274
1081,https://www.estate.am/en/en/2-rooms-apartment-sale-in-downtown-yerevan-d106927
1082,https://www.estate.am/en/en/3-rooms-apartment-sale-in-arabkir-yerevan-d111386
1083,https://www.estate.am/en/en/4-rooms-apartment-sale-in-downtown-yerevan-d101916
1084,https://www.estate.am/en/en/2-rooms-apartment-sale-in-downtown-yerevan-d111380
1085,https://www.estate.am/en/en/2-rooms-apartment-sale-in-downtown-yerevan-d110365
1086,https://www.estate.am/en/en/3-rooms-apartment-sale-in-center-yerevan-d111392
1087,https://www.estate.am/en/en/2-rooms-apartment-sale-in-arabkir-yerevan-d111391
1088,https://www.estate.am/en/en/5-rooms-apartment-sale-in-downtown-yerevan-d97628
1089,https://www.estate.am/en/en/2-rooms-apartment-sale-in-downtown-yerevan-d100911
1090,https://www.estate.am/en/en/3-rooms-apartment-sale-in-arabkir-yerevan-d111388
1091,https://www.estate.am/en/en/3-rooms-apartment-sale-in-downtown-yerevan-d82027
1092,https://www.estate.am/en/en/3-rooms-apartment-sale-in-center-yerevan-d111379
1093,https://www.estate.am/en/en/3-rooms-apartment-sale-in-erebouni-yerevan-d101297
1094,https://www.estate.am/en/en/3-rooms-apartment-sale-in-downtown-yerevan-d96996
1095,https://www.estate.am/en/en/6-rooms-apartment-sale-in-downtown-yerevan-d105980
1096,https://www.estate.am/en/en/3-rooms-apartment-sale-in-arabkir-yerevan-d63975
1097,https://www.estate.am/en/en/3-rooms-apartment-sale-in-center-yerevan-d111114
1098,https://www.estate.am/en/en/3-rooms-apartment-sale-in-downtown-yerevan-d89823
1099,https://www.estate.am/en/en/2-rooms-apartment-sale-in-downtown-yerevan-d106927
1100,https://www.estate.am/en/en/1-rooms-apartment-for-rent-in-downtown-yerevan-d47916
1101,https://www.estate.am/en/en/4-rooms-apartment-for-rent-in-downtown-yerevan-d110462
1102,https://www.estate.am/en/en/3-rooms-apartment-for-rent-in-downtown-yerevan-d110027
1103,https://www.estate.am/en/en/3-rooms-apartment-for-rent-in-downtown-yerevan-d57320
1104,https://www.estate.am/en/en/3-rooms-apartment-sale-in-downtown-yerevan-d96996
1105,https://www.estate.am/en/en/3-rooms-apartment-sale-in-center-yerevan-d111114
1106,https://www.estate.am/en/en/1-rooms-apartment-for-rent-in-downtown-yerevan-d47916
1107,https://www.estate.am/en/en/2-rooms-apartment-sale-in-downtown-yerevan-d111380
1108,https://www.estate.am/en/en/3-rooms-apartment-for-rent-in-downtown-yerevan-d110027
